side,dimension,group,n,win_rate,expectancy,profit_factor,average_pnl,median_pnl,average_win,average_loss,payoff_ratio,mean_mfe,mean_mae,loss_lt_3_rate,loss_lt_5_rate,best_trade,worst_trade,mean_duration_hours
ALL,alignment,ALIGNED,44,50.0,-0.20370899829177277,0.8628346663939207,-0.20370899829177277,0.02706719812304305,2.5628514284418467,-2.9702694250253923,0.8628346663939206,3.1380606462558958,-3.2736863466904738,15.909090909090908,9.090909090909092,13.120472163727344,-15.608768974289973,80.81818181818181
ALL,alignment,COUNTER,56,51.78571428571429,-0.2881443713686195,0.8046629938089256,-0.2881443713686195,0.1455206217941453,2.292079468903448,-3.059495903512692,0.7491689942358962,2.987526961762467,-3.494497270216104,10.714285714285714,7.142857142857142,6.63919893652782,-24.016229459324894,90.0
ALL,adx_band,HIGH,34,47.05882352941176,0.07127712948709021,1.0570602678790115,0.07127712948709021,-0.10092104090020165,2.805918668602879,-2.3595153497269443,1.1891928013638882,3.373223903045548,-3.7093995278293734,8.823529411764707,8.823529411764707,13.120472163727344,-10.527325841297898,87.05882352941177
ALL,adx_band,LOW,33,54.54545454545454,-0.3592024655106411,0.7578458822613103,-0.3592024655106411,0.2909439836802416,2.0609610325865226,-3.263398663227238,0.6315382352177586,2.7639149260827462,-3.4358615801696435,15.151515151515152,6.0606060606060606,5.800634420116925,-15.608768974289973,89.0909090909091
ALL,adx_band,MID,33,51.515151515151516,-0.474818841278503,0.7228196534185239,-0.474818841278503,0.061453138249034,2.403590514101008,-3.533128781369233,0.6803008502762579,3.0144658493841914,-3.03730394832381,15.151515151515152,9.090909090909092,10.747650308191089,-24.016229459324894,81.6969696969697
ALL,trend_adx_group,ALIGNED_HIGH,14,57.14285714285714,0.9443811537311981,2.028436641449465,0.9443811537311981,0.08355061940228005,3.2596372031143934,-2.1426269121130623,1.5213274810870987,4.241129953579761,-3.1038865313908275,7.142857142857142,7.142857142857142,13.120472163727344,-8.914046280905474,75.71428571428571
ALL,trend_adx_group,ALIGNED_LOW,17,47.05882352941176,-1.579947882595545,0.3354280541048824,-1.579947882595545,-1.062607330560808,1.69456828584035,-4.49062892120523,0.3773565608679927,2.0540757016506586,-4.296131037960787,29.411764705882355,11.76470588235294,3.664883832884696,-15.608768974289973,94.58823529411765
ALL,trend_adx_group,ALIGNED_MID,13,46.15384615384615,0.3595832251576533,1.3871447897684135,0.3595832251576533,-0.1891594038178317,2.791514585680446,-1.724929369576169,1.618335588063149,3.3676586274678146,-2.1195046284289125,7.6923076923076925,7.6923076923076925,10.747650308191089,-6.419972395723778,68.3076923076923
ALL,trend_adx_group,COUNTER_HIGH,20,40.0,-0.5398956874837854,0.6353967231558583,-0.5398956874837854,-0.4083954410281577,2.352200134091365,-2.4679595685338858,0.9530950847337872,2.7656896676716,-4.133258625336356,10.0,10.0,3.896458695450856,-10.527325841297898,95.0
ALL,trend_adx_group,COUNTER_LOW,16,62.5,0.9378395401420694,2.7580399146480343,0.9378395401420694,0.545579358599386,2.3540752299834606,-1.42255327626025,1.6548239487888206,3.5181191020418403,-2.521825281266554,0.0,0.0,5.800634420116925,-2.7246169115996155,83.25
ALL,trend_adx_group,COUNTER_MID,20,55.00000000000001,-1.0171801844620048,0.5423833145667641,-1.0171801844620048,0.14742691834387575,2.1919955659667685,-4.939506101652727,0.4437681664637161,2.784890543629836,-3.6338735062554925,20.0,10.0,6.63919893652782,-24.016229459324894,90.4
ALL,trend_adx_direction,ALIGNED_FALLING,32,46.875,-0.429420461808595,0.7326043448055578,-0.429420461808595,-0.09678210774366725,2.509901034579858,-3.022939429210171,0.8302849241129654,3.127347182372178,-3.7228407507114727,15.625,9.375,13.120472163727344,-15.608768974289973,83.875
ALL,trend_adx_direction,ALIGNED_RISING,12,58.333333333333336,0.39818823775308676,1.342381309612328,0.39818823775308676,1.0809928998308638,2.6763165581461084,-2.7911914107971443,0.9588437925802342,3.1666298832791457,-2.075941269301142,16.666666666666664,8.333333333333332,5.188573120359791,-5.14507659662732,72.66666666666667
ALL,trend_adx_direction,COUNTER_FALLING,37,54.054054054054056,-0.1806857636534775,0.8809112678090277,-0.1806857636534775,0.2295881053392566,2.4726187447154797,-3.3022204793816616,0.7487745776376736,3.2065247767103653,-3.006514031169458,8.108108108108109,8.108108108108109,6.63919893652782,-24.016229459324894,79.24324324324324
ALL,trend_adx_direction,COUNTER_RISING,19,47.368421052631575,-0.49740587060336994,0.6429468572315646,-0.49740587060336994,-0.1974372701309005,1.8908810782100436,-2.646864124535442,0.7143853969239607,2.5610575326534035,-4.444780419938521,15.789473684210526,5.263157894736842,3.896458695450856,-10.527325841297898,110.94736842105263
LONG,alignment,ALIGNED,20,55.00000000000001,-1.3117633382242364,0.3700442212778705,-1.3117633382242364,0.13808094218312691,1.4009942786740495,-4.627355981099919,0.3027634537728031,2.326302379737245,-3.8451545352536285,20.0,20.0,3.3399662866912534,-15.608768974289973,83.6
LONG,alignment,COUNTER,30,46.666666666666664,0.06837780367297233,1.0664137066583492,0.06837780367297233,-0.2756063204703257,2.3527531569166427,-1.9304506304152396,1.2187585218952561,2.7819979180214385,-3.0877847737857236,6.666666666666667,3.3333333333333335,6.63919893652782,-10.527325841297898,83.2
LONG,adx_band,HIGH,19,47.368421052631575,-0.5482439882254831,0.6184307555695834,-0.5482439882254831,-0.2893514696429488,1.8758697806349547,-2.729946380199877,0.6871452839662039,2.698678446588777,-4.043004812655467,10.526315789473683,10.526315789473683,3.777275595334861,-10.527325841297898,82.52631578947368
LONG,adx_band,LOW,15,60.0,-1.0695094326311039,0.40772595916063764,-1.0695094326311039,0.3675075648720375,1.2270973940623797,-4.5144196726713295,0.27181730610709176,1.9383214743352875,-3.6353427798586737,13.333333333333334,13.333333333333334,2.280890492249666,-15.608768974289973,98.66666666666667
LONG,adx_band,MID,16,43.75,0.14220903821594894,1.125381078800059,0.14220903821594894,-0.3220666702912605,2.917539527138792,-2.0163813420573735,1.4469185298857903,3.1022670334482476,-2.3868375487693942,12.5,6.25,6.63919893652782,-6.419972395723778,70.0
LONG,trend_adx_group,ALIGNED_HIGH,4,50.0,-1.8104280255284741,0.21314798095275517,-1.8104280255284741,-0.11540613086367994,0.9808428242172624,-4.601698875274211,0.21314798095275517,2.3286411951098365,-4.77383865344664,25.0,25.0,1.903146440518936,-8.914046280905474,67.0
LONG,trend_adx_group,ALIGNED_LOW,10,70.0,-1.3773398799642655,0.41798592227954606,-1.3773398799642655,1.0999385849555212,1.4130946362625862,-7.888353751160252,0.17913682383409116,2.129656211673983,-4.281493852915629,20.0,20.0,2.280890492249666,-15.608768974289973,100.4
LONG,trend_adx_group,ALIGNED_MID,6,33.33333333333333,-0.8700259771213621,0.40529646665700075,-0.8700259771213621,-0.6776192671133118,1.778794481570959,-2.1944362064675227,0.8105929333140015,2.65248678292762,-2.49879959368829,16.666666666666664,16.666666666666664,3.3399662866912534,-6.419972395723778,66.66666666666667
LONG,trend_adx_group,COUNTER_HIGH,15,46.666666666666664,-0.21166157827801868,0.8245517194099864,-0.21166157827801868,-0.309722183860434,2.131591768182866,-2.262008256431293,0.9423448221828414,2.7973550469831614,-3.8481157884444883,6.666666666666667,6.666666666666667,3.777275595334861,-10.527325841297898,86.66666666666667
LONG,trend_adx_group,COUNTER_LOW,5,40.0,-0.45384853796478125,0.33676125871316975,-0.45384853796478125,-0.4278583764946643,0.5761070463616569,-1.1404855941824066,0.5051418880697547,1.5556519996578975,-2.3430406337447645,0.0,0.0,0.9226259873840572,-2.5389370153454096,95.2
LONG,trend_adx_group,COUNTER_MID,10,50.0,0.7495500474183354,1.7999733899406736,0.7495500474183354,1.0054737305141188,3.373037545365924,-1.8739374505292539,1.7999733899406734,3.372135183760624,-2.319660321818057,10.0,0.0,6.63919893652782,-4.060230794942054,72.0
LONG,trend_adx_direction,ALIGNED_FALLING,15,53.333333333333336,-1.7135318469835863,0.2348006732333398,-1.7135318469835863,0.0585392079155889,0.9858667307443364,-4.798558792958356,0.20545058907917235,2.1829200041267063,-4.111434158542576,20.0,20.0,2.0505290752479657,-15.608768974289973,80.0
LONG,trend_adx_direction,ALIGNED_RISING,5,60.0,-0.10645781194618556,0.9339287799791204,-0.10645781194618556,1.903146440518936,2.508001073153285,-4.028146139595392,0.6226191866527468,2.7564495065688606,-3.046315665386789,20.0,20.0,3.3399662866912534,-5.14507659662732,94.4
LONG,trend_adx_direction,COUNTER_FALLING,20,50.0,0.6784687609069441,2.2774701556336763,0.6784687609069441,-0.005951175870480399,2.4191443497618907,-1.0622068279480026,2.277470155633676,3.0023856306058865,-2.047844210157046,0.0,0.0,6.63919893652782,-2.8248497017627363,72.8
LONG,trend_adx_direction,COUNTER_RISING,10,40.0,-1.1518041107949715,0.43163283940712205,-1.1518041107949715,-0.6140316700197144,2.1867751748035222,-3.3775236345273005,0.6474492591106831,2.341222492852542,-5.1676659010430805,20.0,10.0,3.0652481676349037,-10.527325841297898,104.0
SHORT,alignment,ALIGNED,24,45.83333333333333,0.7196696183186134,1.728787862212419,0.7196696183186134,-0.09678210774366725,3.7247085782096434,-1.8230556554353352,2.0431129280692226,3.8145258683547727,-2.797462856221177,12.5,0.0,13.120472163727344,-4.801647142922759,78.5
SHORT,alignment,COUNTER,26,57.692307692307686,-0.6995161118012254,0.6483428555884164,-0.6995161118012254,0.26217234105947956,2.235450693424465,-4.701743573472622,0.47545142743150537,3.224675858386732,-3.9637809199434666,15.384615384615385,11.538461538461538,5.800634420116925,-24.016229459324894,97.84615384615384
SHORT,adx_band,HIGH,15,46.666666666666664,0.8560038785896827,1.8463101020195465,0.8560038785896827,-0.0044048116695028,4.001695810275925,-1.8964765616357795,2.1100686880223387,4.227648147890792,-3.2868328337163217,6.666666666666667,6.666666666666667,13.120472163727344,-8.466965081792235,92.8
SHORT,adx_band,LOW,18,50.0,0.23272000708974452,1.1915876157575795,0.23272000708974452,-0.17782585530814168,2.8948246711106655,-2.4293846569311763,1.1915876157575795,3.451909469205629,-3.2696272470954515,16.666666666666664,0.0,5.800634420116925,-4.801647142922759,81.11111111111111
SHORT,adx_band,MID,17,58.82352941176471,-1.0555509631556343,0.5324872967086846,-1.0555509631556343,0.0870925084312552,2.0438262049745592,-5.4832326319130535,0.3727411076960792,2.931829440853315,-3.649507618492671,17.647058823529413,11.76470588235294,10.747650308191089,-24.016229459324894,92.70588235294117
SHORT,trend_adx_group,ALIGNED_HIGH,10,60.0,2.046304825435067,6.602686318003732,2.046304825435067,0.2592571509943409,4.019235329413437,-0.9130909305324881,4.401790878669154,5.006125456967731,-2.435905682568503,0.0,0.0,13.120472163727344,-1.406684343904662,79.2
SHORT,trend_adx_group,ALIGNED_LOW,7,14.285714285714285,-1.8693878863545164,0.21879121007608598,-1.8693878863545164,-1.7303073953004549,3.664883832884696,-2.7917665062277184,1.3127472604565158,1.9461035444744812,-4.317041302311012,42.857142857142854,0.0,3.664883832884696,-4.801647142922759,86.28571428571429
SHORT,trend_adx_group,ALIGNED_MID,7,57.14285714285714,1.413533969968238,4.001351480016648,1.413533969968238,0.0870925084312552,3.2978746377351906,-1.0989202537210316,3.0010136100124862,3.980663065645124,-1.7943946582065897,0.0,0.0,10.747650308191089,-2.3221624923576143,69.71428571428571
SHORT,trend_adx_group,COUNTER_HIGH,5,20.0,-1.5245980151010854,0.33825044695497114,-1.5245980151010854,-0.6611734758202344,3.896458695450856,-2.879862192739071,1.3530017878198846,2.670693529736914,-4.988687136011959,20.0,20.0,3.896458695450856,-8.466965081792235,120.0
SHORT,trend_adx_group,COUNTER_LOW,11,72.72727272727273,1.5704250301906377,4.378009100810859,1.5704250301906377,1.3189582034147906,2.798567275888912,-1.704620958338093,1.641753412804072,4.410149603125451,-2.603091030140094,0.0,0.0,5.800634420116925,-2.7246169115996155,77.81818181818181
SHORT,trend_adx_group,COUNTER_MID,10,60.0,-2.783910416342345,0.20654365936078412,-2.783910416342345,0.14742691834387575,1.2077939164674711,-8.771466915557069,0.1376957729071894,2.1976459034990485,-4.948086690692928,30.0,20.0,3.8605567659321247,-24.016229459324894,108.8
SHORT,trend_adx_direction,ALIGNED_FALLING,17,41.17647058823529,0.7036189956987502,1.6719934522495794,0.7036189956987502,-0.1891594038178317,4.251654524677597,-1.7800058745864422,2.3885620746422567,3.9606652808240645,-3.3799642143899113,11.76470588235294,0.0,13.120472163727344,-4.801647142922759,87.29411764705883
SHORT,trend_adx_direction,ALIGNED_RISING,7,57.14285714285714,0.7586497018239956,1.9001440108014545,0.7586497018239956,0.2588393591427914,2.8025531718907266,-1.9665549249316447,1.425108008101091,3.459615866643634,-1.382816700668537,14.285714285714285,0.0,5.188573120359791,-3.270540060525101,57.142857142857146
SHORT,trend_adx_direction,COUNTER_FALLING,17,58.82352941176471,-1.191455792548091,0.5549940475202246,-1.191455792548091,0.2909439836802416,2.526093139669068,-6.502239981429747,0.38849583326415726,3.4466884780097513,-4.134360879419354,17.647058823529413,17.647058823529413,5.800634420116925,-24.016229459324894,86.82352941176471
SHORT,trend_adx_direction,COUNTER_RISING,9,55.55555555555556,0.22970328516507632,1.3332521566389741,0.22970328516507632,0.2334006984387175,1.6541658009352609,-1.5508748595476542,1.0666017253111792,2.8053186879876932,-3.6415743298223435,11.11111111111111,0.0,3.896458695450856,-3.151015749026568,118.66666666666667
