open_time,open,high,low,close,volume,close_time,quote_asset_volume,number_of_trades,taker_buy_base,taker_buy_quote,ignore
2025-07-12 00:00:00+00:00,117500.0,118176.9,116862.4,117389.3,63722.472,2025-07-12 23:59:59.999000+00:00,7488784312.84890,1330505,31394.033,3689856558.24850,0
2025-07-13 00:00:00+00:00,117389.4,119655.0,117164.3,119038.3,90052.381,2025-07-13 23:59:59.999000+00:00,10670541370.91120,1810973,45809.831,5428490991.08780,0
2025-07-14 00:00:00+00:00,119038.3,123300.0,118862.6,119816.5,221556.12,2025-07-14 23:59:59.999000+00:00,26804448428.88770,4034670,113834.673,13772358450.57520,0
2025-07-15 00:00:00+00:00,119816.5,119919.4,115678.1,117738.5,269977.446,2025-07-15 23:59:59.999000+00:00,31656599892.94970,4738657,131447.500,15412735685.08970,0
2025-07-16 00:00:00+00:00,117738.6,120100.0,117017.1,118590.7,159165.948,2025-07-16 23:59:59.999000+00:00,18903224038.52540,3160880,79673.550,9462555225.87890,0
2025-07-17 00:00:00+00:00,118590.7,120951.5,117412.8,119176.6,164274.401,2025-07-17 23:59:59.999000+00:00,19529125659.90340,3301670,82532.264,9814512775.72370,0
2025-07-18 00:00:00+00:00,119176.5,120846.1,116788.9,117896.4,162246.906,2025-07-18 23:59:59.999000+00:00,19250655213.59860,3368152,78772.030,9348607437.18440,0
2025-07-19 00:00:00+00:00,117896.5,118456.0,117245.9,117814.4,52531.193,2025-07-19 23:59:59.999000+00:00,6197160791.54710,1248912,24526.721,2893580595.87020,0
2025-07-20 00:00:00+00:00,117814.3,118856.6,116370.1,117216.0,82380.582,2025-07-20 23:59:59.999000+00:00,9710161747.26490,1751382,39522.257,4660078822.85560,0
2025-07-21 00:00:00+00:00,117216.1,119720.6,116454.1,117330.2,141885.848,2025-07-21 23:59:59.999000+00:00,16757943321.43590,2862908,69570.765,8219105667.00040,0
2025-07-22 00:00:00+00:00,117330.2,120300.1,115865.0,119993.7,186832.45,2025-07-22 23:59:59.999000+00:00,22133221784.42760,3400863,94591.193,11212737632.94700,0
2025-07-23 00:00:00+00:00,119993.7,120146.5,117250.0,118713.5,136986.897,2025-07-23 23:59:59.999000+00:00,16199890830.64180,2483435,66612.552,7878868556.41790,0
2025-07-24 00:00:00+00:00,118713.4,119469.9,117050.2,118294.3,137377.613,2025-07-24 23:59:59.999000+00:00,16275419265.94690,2566930,67494.798,7998311440.35440,0
2025-07-25 00:00:00+00:00,118294.4,118410.8,114667.3,117583.5,260386.754,2025-07-25 23:59:59.999000+00:00,30217394710.21490,4482676,123156.442,14294237851.14940,0
2025-07-26 00:00:00+00:00,117583.4,118300.0,117114.2,117889.2,57218.604,2025-07-26 23:59:59.999000+00:00,6739341628.41940,1160574,28458.148,3352360848.32190,0
2025-07-27 00:00:00+00:00,117889.3,119766.0,117800.8,119423.4,75978.959,2025-07-27 23:59:59.999000+00:00,9021870261.93430,1528886,39269.357,4663033730.90000,0
2025-07-28 00:00:00+00:00,119423.5,119812.0,117388.0,118041.4,106712.329,2025-07-28 23:59:59.999000+00:00,12646588023.95000,2373905,49363.385,5851265071.16470,0
2025-07-29 00:00:00+00:00,118041.5,119258.7,116923.0,117897.0,115263.463,2025-07-29 23:59:59.999000+00:00,13605158270.34450,2551661,55053.068,6499896380.22710,0
2025-07-30 00:00:00+00:00,117897.1,118763.5,115700.0,117771.0,124917.857,2025-07-30 23:59:59.999000+00:00,14671863277.40300,2695165,60858.794,7148296382.16450,0
2025-07-31 00:00:00+00:00,117771.1,118910.0,115373.9,115697.3,135037.467,2025-07-31 23:59:59.999000+00:00,15883505625.63460,2653586,64854.642,7632959988.19830,0
2025-08-01 00:00:00+00:00,115697.3,116000.0,112660.0,113244.8,221282.099,2025-08-01 23:59:59.999000+00:00,25374879723.77360,4671690,106416.826,12205698734.14290,0
2025-08-02 00:00:00+00:00,113244.8,114000.0,111910.0,112508.8,102459.448,2025-08-02 23:59:59.999000+00:00,11582327925.57560,2253136,47169.224,5332165044.52070,0
2025-08-03 00:00:00+00:00,112508.8,114730.0,111850.0,114150.8,63183.869,2025-08-03 23:59:59.999000+00:00,7180260356.76610,1586907,31097.096,3534100091.68050,0
2025-08-04 00:00:00+00:00,114150.9,115686.0,114053.8,115002.1,83328.591,2025-08-04 23:59:59.999000+00:00,9566449201.05070,2122581,40432.436,4642286424.59960,0
2025-08-05 00:00:00+00:00,115002.1,115073.3,112582.4,114069.6,119316.428,2025-08-05 23:59:59.999000+00:00,13578532103.25080,2692070,56631.208,6445877392.10480,0
2025-08-06 00:00:00+00:00,114069.6,115674.2,113304.5,114941.0,98598.67,2025-08-06 23:59:59.999000+00:00,11289146520.59820,2207330,48509.767,5554848440.68140,0
2025-08-07 00:00:00+00:00,114941.0,117580.0,114211.4,117419.9,134409.055,2025-08-07 23:59:59.999000+00:00,15603976236.92760,2477601,70320.817,8162960433.91320,0
2025-08-08 00:00:00+00:00,117419.9,117591.8,115850.0,116628.2,89828.611,2025-08-08 23:59:59.999000+00:00,10476168967.77680,2041990,43852.502,5114363104.08760,0
2025-08-09 00:00:00+00:00,116628.2,117906.7,116304.0,116422.1,77924.534,2025-08-09 23:59:59.999000+00:00,9109077804.53820,1513938,40145.588,4693361379.96370,0
2025-08-10 00:00:00+00:00,116422.1,119291.9,116413.2,119255.3,130331.779,2025-08-10 23:59:59.999000+00:00,15402998283.64030,2420657,65839.952,7779415999.36120,0
2025-08-11 00:00:00+00:00,119255.3,122450.0,118050.0,118641.9,217088.254,2025-08-11 23:59:59.999000+00:00,26140833129.32720,4260404,108472.648,13067526473.92270,0
2025-08-12 00:00:00+00:00,118641.8,120270.0,118154.3,120081.0,125708.555,2025-08-12 23:59:59.999000+00:00,14984075258.14630,2609039,62783.535,7485321680.12820,0
2025-08-13 00:00:00+00:00,120080.9,123715.9,118829.0,123323.9,188073.873,2025-08-13 23:59:59.999000+00:00,22796282824.22410,3654672,93301.574,11312196562.83800,0
2025-08-14 00:00:00+00:00,123323.9,124545.6,117004.0,118242.2,259801.57,2025-08-14 23:59:59.999000+00:00,31188419054.09930,4770691,121538.327,14590183740.30540,0
2025-08-15 00:00:00+00:00,118242.2,119184.0,116736.3,117279.2,120542.357,2025-08-15 23:59:59.999000+00:00,14214818128.97240,2714933,59281.350,6991379574.40840,0
2025-08-16 00:00:00+00:00,117279.1,117857.1,117089.7,117329.7,46674.42,2025-08-16 23:59:59.999000+00:00,5485340879.19250,1042735,22363.887,2628326778.88380,0
2025-08-17 00:00:00+00:00,117329.8,118558.0,117121.6,117353.8,54386.804,2025-08-17 23:59:59.999000+00:00,6411151083.02420,1143753,26068.765,3073122879.26020,0
2025-08-18 00:00:00+00:00,117353.9,117499.4,114605.0,116183.6,147219.779,2025-08-18 23:59:59.999000+00:00,17039158070.22880,3078165,69088.986,7995299306.21840,0
2025-08-19 00:00:00+00:00,116183.6,116687.7,112666.6,112824.2,141024.287,2025-08-19 23:59:59.999000+00:00,16131720046.58870,3133574,67997.774,7778182042.72960,0
2025-08-20 00:00:00+00:00,112824.1,114569.0,112301.8,114220.5,130522.37,2025-08-20 23:59:59.999000+00:00,14819274146.38680,2930095,64879.793,7366865522.62610,0
2025-08-21 00:00:00+00:00,114220.5,114777.0,111944.0,112462.2,96406.356,2025-08-21 23:59:59.999000+00:00,10907840294.14140,2397213,47004.863,5318559666.85120,0
2025-08-22 00:00:00+00:00,112462.2,117397.4,111625.9,116897.5,199447.977,2025-08-22 23:59:59.999000+00:00,22883791440.70280,3835737,99642.896,11432576389.31770,0
2025-08-23 00:00:00+00:00,116897.5,116988.0,114510.0,115377.1,78419.415,2025-08-23 23:59:59.999000+00:00,9054235281.62780,1536323,37863.987,4370908825.10670,0
2025-08-24 00:00:00+00:00,115377.1,115640.0,110484.0,113446.3,133388.002,2025-08-24 23:59:59.999000+00:00,15148067971.34950,2638475,62689.861,7122684907.12930,0
2025-08-25 00:00:00+00:00,113446.2,113621.3,109219.8,110064.0,204839.785,2025-08-25 23:59:59.999000+00:00,22818722034.33740,4182903,97227.324,10831873150.44210,0
2025-08-26 00:00:00+00:00,110064.1,112330.0,108559.7,111709.9,145041.438,2025-08-26 23:59:59.999000+00:00,15983443440.89150,3465884,71412.185,7870638924.21600,0
2025-08-27 00:00:00+00:00,111710.0,112568.5,110306.9,111194.9,114205.122,2025-08-27 23:59:59.999000+00:00,12739237648.64940,2613099,57009.686,6360193223.37450,0
2025-08-28 00:00:00+00:00,111194.9,113429.0,110811.0,112507.3,97630.277,2025-08-28 23:59:59.999000+00:00,10988621821.80740,2252826,48243.477,5429943327.61280,0
2025-08-29 00:00:00+00:00,112507.3,112585.7,107411.4,108332.4,179725.172,2025-08-29 23:59:59.999000+00:00,19688668760.05720,3720115,85606.138,9377659144.88230,0
2025-08-30 00:00:00+00:00,108332.4,108879.6,107281.0,108757.9,60656.883,2025-08-30 23:59:59.999000+00:00,6572709736.31170,1397811,29582.419,3205457675.08640,0
2025-08-31 00:00:00+00:00,108758.0,109439.9,108021.0,108208.4,70149.546,2025-08-31 23:59:59.999000+00:00,7626942442.61100,1474441,35849.920,3897678579.92970,0
2025-09-01 00:00:00+00:00,108208.4,109874.8,107211.5,109187.9,150280.626,2025-09-01 23:59:59.999000+00:00,16311045147.88820,3269303,74557.088,8091073396.49200,0
2025-09-02 00:00:00+00:00,109187.9,111742.1,108333.0,111188.0,175961.356,2025-09-02 23:59:59.999000+00:00,19401297224.94340,3533098,86748.838,9565971726.02780,0
2025-09-03 00:00:00+00:00,111187.9,112541.2,110486.9,111659.8,105504.421,2025-09-03 23:59:59.999000+00:00,11770759661.80710,2363045,51862.786,5786444607.38720,0
2025-09-04 00:00:00+00:00,111659.7,112136.8,109269.1,110679.4,122300.369,2025-09-04 23:59:59.999000+00:00,13516026898.71130,2639637,62399.713,6896231004.22840,0
2025-09-05 00:00:00+00:00,110679.5,113344.3,110153.3,110614.9,193375.404,2025-09-05 23:59:59.999000+00:00,21608268964.65910,3788859,95520.119,10674991930.16650,0
2025-09-06 00:00:00+00:00,110614.8,111256.2,109850.0,110135.3,46282.516,2025-09-06 23:59:59.999000+00:00,5113475710.49390,1043405,21535.745,2379550741.40790,0
2025-09-07 00:00:00+00:00,110135.2,111559.5,110120.5,111076.0,53840.584,2025-09-07 23:59:59.999000+00:00,5973071292.84720,1136788,28108.634,3118159009.90870,0
2025-09-08 00:00:00+00:00,111075.5,112867.6,110566.5,112012.6,99117.859,2025-09-08 23:59:59.999000+00:00,11088708293.00360,2062136,49613.319,5550460075.51340,0
2025-09-09 00:00:00+00:00,112012.7,113238.0,110714.9,111499.9,137275.133,2025-09-09 23:59:59.999000+00:00,15364017571.64210,2548235,68008.526,7611454214.73440,0
2025-09-10 00:00:00+00:00,111499.9,114287.9,110855.8,113896.8,151901.539,2025-09-10 23:59:59.999000+00:00,17159405921.20620,2703708,76254.320,8616216430.83320,0
2025-09-11 00:00:00+00:00,113896.8,115439.0,113340.7,115427.0,113066.078,2025-09-11 23:59:59.999000+00:00,12912039322.46440,2206093,56557.547,6460867065.08830,0
2025-09-12 00:00:00+00:00,115427.0,116605.7,114681.5,115978.4,119013.718,2025-09-12 23:59:59.999000+00:00,13753804629.95520,2321278,60349.365,6973899045.82500,0
2025-09-13 00:00:00+00:00,115978.4,116245.4,115032.0,115862.7,52529.59,2025-09-13 23:59:59.999000+00:00,6078193412.40060,1198605,25258.142,2922871088.12560,0
2025-09-14 00:00:00+00:00,115862.7,116118.6,115057.0,115210.0,55087.99,2025-09-14 23:59:59.999000+00:00,6368498171.51330,1196136,26632.938,3079192660.16290,0
2025-09-15 00:00:00+00:00,115210.0,116759.9,114338.5,115300.6,117911.279,2025-09-15 23:59:59.999000+00:00,13585379833.82680,2531767,57329.104,6606034102.62620,0
2025-09-16 00:00:00+00:00,115300.5,116910.8,114600.0,116747.3,99446.184,2025-09-16 23:59:59.999000+00:00,11513690825.04470,2144042,50112.816,5803047123.00280,0
2025-09-17 00:00:00+00:00,116747.3,117266.4,114623.3,116402.5,158125.07,2025-09-17 23:59:59.999000+00:00,18348171466.35250,3267980,80225.096,9311626093.76270,0
2025-09-18 00:00:00+00:00,116402.6,117875.2,116033.5,117017.1,107215.717,2025-09-18 23:59:59.999000+00:00,12568414009.01900,2327863,51390.531,6024588789.08760,0
2025-09-19 00:00:00+00:00,117017.1,117406.8,115049.9,115569.5,88151.649,2025-09-19 23:59:59.999000+00:00,10241717036.89350,1845963,41905.847,4868815014.69980,0
2025-09-20 00:00:00+00:00,115569.6,116059.2,115343.0,115624.9,32355.678,2025-09-20 23:59:59.999000+00:00,3744545955.47960,731518,14781.099,1710724205.75910,0
2025-09-21 00:00:00+00:00,115625.0,115778.0,115137.6,115183.9,32793.431,2025-09-21 23:59:59.999000+00:00,3786613657.95650,825048,16745.946,1933772183.04190,0
2025-09-22 00:00:00+00:00,115183.9,115344.6,111469.2,112604.7,159461.568,2025-09-22 23:59:59.999000+00:00,18039188972.42700,3419373,74182.157,8390032354.47240,0
2025-09-23 00:00:00+00:00,112604.7,113254.8,111405.1,111947.0,102258.264,2025-09-23 23:59:59.999000+00:00,11494032424.46550,2460994,51960.799,5841363219.91060,0
2025-09-24 00:00:00+00:00,111947.0,113895.8,110935.0,113254.0,105314.096,2025-09-24 23:59:59.999000+00:00,11879548716.19570,2384763,53413.185,6025971750.17650,0
2025-09-25 00:00:00+00:00,113253.9,113462.1,108574.1,108934.5,178663.741,2025-09-25 23:59:59.999000+00:00,19825920968.74040,3988053,84186.240,9344320561.00550,0
2025-09-26 00:00:00+00:00,108934.6,110250.0,108566.0,109588.5,112277.659,2025-09-26 23:59:59.999000+00:00,12272701459.17910,2904945,56155.899,6138347628.89490,0
2025-09-27 00:00:00+00:00,109588.5,109700.0,109021.9,109577.3,35871.924,2025-09-27 23:59:59.999000+00:00,3923401762.55560,875737,17907.531,1958706422.63930,0
2025-09-28 00:00:00+00:00,109577.2,112300.0,109136.5,112119.6,77247.963,2025-09-28 23:59:59.999000+00:00,8521046102.08860,1607459,39820.944,4392696394.15820,0
2025-09-29 00:00:00+00:00,112119.7,114377.2,111501.0,114257.1,125405.709,2025-09-29 23:59:59.999000+00:00,14160916303.24030,2558792,63042.556,7119074227.58330,0
2025-09-30 00:00:00+00:00,114257.1,114800.0,112615.3,113988.8,119320.015,2025-09-30 23:59:59.999000+00:00,13560972134.97250,2649460,60328.767,6856314456.88510,0
2025-10-01 00:00:00+00:00,113988.7,118631.8,113899.4,118552.4,172989.429,2025-10-01 23:59:59.999000+00:00,20130425143.68280,3495797,91389.650,10636695052.05990,0
2025-10-02 00:00:00+00:00,118552.0,120999.0,118226.4,120481.3,145456.938,2025-10-02 23:59:59.999000+00:00,17369682490.30870,3287990,75869.802,9060382748.58580,0
2025-10-03 00:00:00+00:00,120481.3,123900.0,119200.0,122182.7,167880.262,2025-10-03 23:59:59.999000+00:00,20406510432.57450,3823032,86342.249,10498463327.60890,0
2025-10-04 00:00:00+00:00,122182.6,122781.1,121432.0,122343.2,70479.21,2025-10-04 23:59:59.999000+00:00,8601963052.16530,1615003,34475.239,4208195407.63040,0
2025-10-05 00:00:00+00:00,122343.2,125877.3,122088.1,123426.7,162571.0,2025-10-05 23:59:59.999000+00:00,20109937991.37640,3659205,83698.584,10355400613.06740,0
2025-10-06 00:00:00+00:00,123426.7,126208.5,123018.5,124628.5,140201.329,2025-10-06 23:59:59.999000+00:00,17465215135.00390,3633703,69333.392,8639085715.03750,0
2025-10-07 00:00:00+00:00,124628.6,125098.0,120516.0,121286.5,181899.347,2025-10-07 23:59:59.999000+00:00,22319390759.21490,4202005,86256.749,10587449140.45240,0
2025-10-08 00:00:00+00:00,121286.6,124170.6,121005.3,123237.5,127099.786,2025-10-08 23:59:59.999000+00:00,15572092969.25540,3545539,66136.453,8102821498.20900,0
2025-10-09 00:00:00+00:00,123237.4,123740.1,119572.8,121579.3,163596.38,2025-10-09 23:59:59.999000+00:00,19890276384.59020,3938201,76306.798,9277968956.93740,0
2025-10-10 00:00:00+00:00,121579.4,122497.0,101516.5,112714.9,391963.632,2025-10-10 23:59:59.999000+00:00,45076825982.40170,8976844,181714.840,20904806013.97560,0
2025-10-11 00:00:00+00:00,112715.0,113300.1,109501.0,110579.1,163671.59,2025-10-11 23:59:59.999000+00:00,18268163074.13440,4650728,73785.149,8236139351.94470,0
2025-10-12 00:00:00+00:00,110579.1,115730.3,109509.3,114894.4,217928.037,2025-10-12 23:59:59.999000+00:00,24571794294.01690,5262712,108538.204,12235618148.23850,0
2025-10-13 00:00:00+00:00,114894.5,115912.0,113600.5,115111.9,195996.783,2025-10-13 23:59:59.999000+00:00,22509504374.60670,4656609,95694.249,10990429088.48730,0
2025-10-14 00:00:00+00:00,115112.0,115360.2,109802.0,112983.8,259244.496,2025-10-14 23:59:59.999000+00:00,29101159307.86630,5960214,125148.573,14046611774.70670,0
2025-10-15 00:00:00+00:00,112983.9,113576.1,110096.9,110699.0,131777.09,2025-10-15 23:59:59.999000+00:00,14722103584.38900,4671881,64776.533,7236639640.38540,0
2025-10-16 00:00:00+00:00,110699.1,111960.0,107350.0,108129.4,193544.785,2025-10-16 23:59:59.999000+00:00,21245415629.67210,6043222,93640.906,10281726978.35180,0
2025-10-17 00:00:00+00:00,108129.4,109199.8,103470.0,106378.6,242789.692,2025-10-17 23:59:59.999000+00:00,25744733284.11270,6936137,119199.822,12639240551.22690,0
2025-10-18 00:00:00+00:00,106378.5,107452.6,106270.0,107117.5,68509.903,2025-10-18 23:59:59.999000+00:00,7319254840.61800,2088885,32310.238,3452403390.31120,0
2025-10-19 00:00:00+00:00,107117.5,109399.9,106055.8,108586.2,113473.72,2025-10-19 23:59:59.999000+00:00,12227415542.33710,3182090,57315.999,6175714778.14570,0
2025-10-20 00:00:00+00:00,108586.2,111650.0,107377.2,110469.9,139646.949,2025-10-20 23:59:59.999000+00:00,15403876134.72180,4408575,68490.715,7554196161.50170,0
2025-10-21 00:00:00+00:00,110469.9,113940.0,107400.0,108253.7,241127.426,2025-10-21 23:59:59.999000+00:00,26588100130.46520,6899664,118319.639,13041681888.79290,0
2025-10-22 00:00:00+00:00,108253.8,109160.0,106360.3,107532.0,180893.983,2025-10-22 23:59:59.999000+00:00,19528248919.20560,5662544,92821.336,10022954942.19960,0
2025-10-23 00:00:00+00:00,107532.1,111240.0,107462.9,110025.9,129640.717,2025-10-23 23:59:59.999000+00:00,14194391374.77400,4205445,63778.257,6983205780.05200,0
2025-10-24 00:00:00+00:00,110026.0,112086.0,109650.0,110965.4,110759.532,2025-10-24 23:59:59.999000+00:00,12266995720.63840,3645127,54797.291,6069600111.87710,0
2025-10-25 00:00:00+00:00,110965.4,111903.9,110600.5,111589.4,45269.483,2025-10-25 23:59:59.999000+00:00,5042907497.61250,1390771,22111.032,2463343649.89400,0
2025-10-26 00:00:00+00:00,111589.4,115521.7,111200.0,114497.8,97335.387,2025-10-26 23:59:59.999000+00:00,11025832161.82450,2690149,50148.489,5681747977.36640,0
2025-10-27 00:00:00+00:00,114497.9,116380.2,113792.4,114064.1,118611.612,2025-10-27 23:59:59.999000+00:00,13655124505.52050,3606096,57954.035,6673490539.72300,0
2025-10-28 00:00:00+00:00,114064.2,116074.3,112121.4,112833.5,131088.84,2025-10-28 23:59:59.999000+00:00,14968353132.78990,3953418,64663.100,7384670851.87600,0
2025-10-29 00:00:00+00:00,112833.5,113593.0,109026.4,109985.6,163920.866,2025-10-29 23:59:59.999000+00:00,18302671178.46350,4943718,78716.735,8791661211.28410,0
2025-10-30 00:00:00+00:00,109985.6,111565.1,106200.0,108263.5,205753.644,2025-10-30 23:59:59.999000+00:00,22369109428.54780,6330320,100086.671,10882242367.71600,0
2025-10-31 00:00:00+00:00,108263.6,111233.0,108226.6,109557.3,152063.776,2025-10-31 23:59:59.999000+00:00,16683797487.54000,4790937,78106.793,8570620336.73030,0
2025-11-01 00:00:00+00:00,109557.2,110557.0,109351.5,110047.2,41614.221,2025-11-01 23:59:59.999000+00:00,4579668770.18990,1492868,21133.219,2325832045.63770,0
2025-11-02 00:00:00+00:00,110047.3,111216.0,109368.9,110494.9,61109.173,2025-11-02 23:59:59.999000+00:00,6744087828.22750,2070247,29327.591,3237152488.59100,0
2025-11-03 00:00:00+00:00,110494.9,110711.0,105300.0,106544.0,174258.047,2025-11-03 23:59:59.999000+00:00,18689862800.36290,5811945,85160.531,9132874748.49100,0
2025-11-04 00:00:00+00:00,106544.0,107271.9,98888.8,101450.3,281742.16,2025-11-04 23:59:59.999000+00:00,28973193334.59770,8565646,135745.298,13963735714.40830,0
2025-11-05 00:00:00+00:00,101450.2,104497.6,98909.7,103837.0,167770.094,2025-11-05 23:59:59.999000+00:00,17127717826.93930,6086022,85269.272,8705829237.45250,0
2025-11-06 00:00:00+00:00,103837.0,104210.2,100238.4,101305.6,145029.821,2025-11-06 23:59:59.999000+00:00,14822272935.66690,5320926,72992.587,7459084026.75040,0
2025-11-07 00:00:00+00:00,101305.6,104070.7,99200.0,103305.2,163967.458,2025-11-07 23:59:59.999000+00:00,16618226412.99920,5603055,80661.296,8177204667.15750,0
2025-11-08 00:00:00+00:00,103305.3,103373.8,101400.1,102269.3,70691.949,2025-11-08 23:59:59.999000+00:00,7229449979.50400,2559208,33026.898,3377832915.03430,0
2025-11-09 00:00:00+00:00,102269.3,105440.0,101300.0,104670.6,92367.67,2025-11-09 23:59:59.999000+00:00,9539326599.96350,3231981,48113.344,4969753127.35830,0
2025-11-10 00:00:00+00:00,104670.7,106666.0,104205.9,105966.3,120403.538,2025-11-10 23:59:59.999000+00:00,12736544297.33280,4212652,58544.195,6193456036.56970,0
2025-11-11 00:00:00+00:00,105966.3,107473.7,102400.0,103005.8,132603.774,2025-11-11 23:59:59.999000+00:00,13877840027.72050,4760215,64447.961,6747067917.61450,0
2025-11-12 00:00:00+00:00,103005.8,105297.0,100711.0,101605.8,140876.276,2025-11-12 23:59:59.999000+00:00,14516821988.27840,4703500,69539.370,7165597522.80570,0
2025-11-13 00:00:00+00:00,101605.8,104024.6,97959.0,99654.3,236046.799,2025-11-13 23:59:59.999000+00:00,23845056328.86440,7282484,117795.946,11901855797.97500,0
2025-11-14 00:00:00+00:00,99654.3,99862.8,93955.0,94544.9,287072.783,2025-11-14 23:59:59.999000+00:00,27699919078.66390,9131756,135755.023,13096421781.01650,0
2025-11-15 00:00:00+00:00,94544.9,96800.0,94523.9,95560.3,90220.319,2025-11-15 23:59:59.999000+00:00,8648839692.43750,3291291,47203.247,4524772600.93300,0
2025-11-16 00:00:00+00:00,95560.4,96600.0,92922.8,94221.7,135749.509,2025-11-16 23:59:59.999000+00:00,12858824611.90570,4603648,65150.480,6173742396.48060,0
2025-11-17 00:00:00+00:00,94221.7,96012.2,91250.0,92169.7,205161.285,2025-11-17 23:59:59.999000+00:00,19251468313.78950,6449728,98027.621,9200451323.27600,0
2025-11-18 00:00:00+00:00,92169.8,93799.1,89012.0,92916.9,232691.156,2025-11-18 23:59:59.999000+00:00,21287650102.19710,7177907,113786.482,10415481419.46530,0
2025-11-19 00:00:00+00:00,92916.8,92944.8,88564.4,91508.9,226438.45,2025-11-19 23:59:59.999000+00:00,20531646468.19530,6320482,111594.868,10117818980.80150,0
2025-11-20 00:00:00+00:00,91509.0,93150.0,86066.6,86601.3,276513.027,2025-11-20 23:59:59.999000+00:00,24710128018.04120,7702513,133430.073,11927440607.57410,0
2025-11-21 00:00:00+00:00,86601.4,87465.4,80600.0,85093.5,449804.324,2025-11-21 23:59:59.999000+00:00,37766204535.20640,12106325,213915.687,17962180053.01720,0
2025-11-22 00:00:00+00:00,85093.6,85599.9,83456.0,84689.4,94197.055,2025-11-22 23:59:59.999000+00:00,7944941195.96230,3300973,46882.408,3954513677.78380,0
2025-11-23 00:00:00+00:00,84689.4,88100.0,84622.0,86807.7,138930.073,2025-11-23 23:59:59.999000+00:00,12021965924.51500,3866798,69195.248,5988281050.72830,0
2025-11-24 00:00:00+00:00,86807.6,89177.3,85226.4,88247.1,211113.332,2025-11-24 23:59:59.999000+00:00,18390268446.53960,5760868,103430.099,9011124358.86840,0
2025-11-25 00:00:00+00:00,88247.1,88477.6,86061.1,87324.1,149637.655,2025-11-25 23:59:59.999000+00:00,13058119938.88090,3934906,72724.940,6347967246.03690,0
2025-11-26 00:00:00+00:00,87324.1,90655.4,86260.9,90438.1,159146.533,2025-11-26 23:59:59.999000+00:00,14035931374.22260,3774838,77838.103,6867895385.23140,0
2025-11-27 00:00:00+00:00,90438.0,91931.9,90024.4,91292.2,113685.232,2025-11-27 23:59:59.999000+00:00,10363381065.75950,2798316,55922.730,5097906484.56030,0
2025-11-28 00:00:00+00:00,91292.2,93080.0,90155.0,90847.8,146920.347,2025-11-28 23:59:59.999000+00:00,13439159085.59290,3370293,74510.662,6816775836.85460,0
2025-11-29 00:00:00+00:00,90847.8,91130.0,90092.7,90765.0,54196.679,2025-11-29 23:59:59.999000+00:00,4912678291.21220,1422265,26455.920,2398702136.52940,0
2025-11-30 00:00:00+00:00,90764.9,91934.4,90300.0,90320.6,66139.718,2025-11-30 23:59:59.999000+00:00,6030481989.37400,1670692,33556.305,3060587530.45730,0
2025-12-01 00:00:00+00:00,90320.5,90396.9,83786.0,86241.6,296847.166,2025-12-01 23:59:59.999000+00:00,25577924246.47960,6767987,147776.477,12724515613.28480,0
2025-12-02 00:00:00+00:00,86241.5,92273.2,86140.1,91249.1,228101.165,2025-12-02 23:59:59.999000+00:00,20398018617.27610,5320367,115973.460,10368494171.19870,0
2025-12-03 00:00:00+00:00,91249.1,94185.0,90954.8,93376.7,201298.317,2025-12-03 23:59:59.999000+00:00,18675815044.30440,5434938,101728.674,9440036623.04580,0
2025-12-04 00:00:00+00:00,93376.8,94040.0,90822.5,92034.7,146772.427,2025-12-04 23:59:59.999000+00:00,13597441409.69190,4163902,71951.305,6667329541.12330,0
2025-12-05 00:00:00+00:00,92034.7,92665.5,87976.3,89288.5,179125.057,2025-12-05 23:59:59.999000+00:00,16166343889.04620,4515304,88584.311,7995926556.41310,0
2025-12-06 00:00:00+00:00,89288.6,90257.3,88870.1,89197.1,56826.867,2025-12-06 23:59:59.999000+00:00,5087173918.79450,1591701,27767.199,2486142416.43780,0
2025-12-07 00:00:00+00:00,89197.1,91722.0,87688.0,90345.4,129592.005,2025-12-07 23:59:59.999000+00:00,11615722866.77670,3338858,66100.060,5924783029.45390,0
2025-12-08 00:00:00+00:00,90345.4,92262.6,89553.8,90610.8,152474.739,2025-12-08 23:59:59.999000+00:00,13851183299.03890,4053719,75932.690,6898494855.95690,0
2025-12-09 00:00:00+00:00,90610.8,94555.0,89368.9,92638.4,181930.263,2025-12-09 23:59:59.999000+00:00,16746767484.46780,4479556,91703.897,8446337566.96070,0
2025-12-10 00:00:00+00:00,92638.3,94443.7,91520.0,91977.5,160488.78,2025-12-10 23:59:59.999000+00:00,14848606099.67050,4232140,78008.191,7219031219.02090,0
2025-12-11 00:00:00+00:00,91977.5,93547.3,89200.0,92477.5,191148.068,2025-12-11 23:59:59.999000+00:00,17359221855.95210,4805321,94016.625,8539381998.80380,0
2025-12-12 00:00:00+00:00,92477.6,92719.0,89429.0,90229.6,144844.11,2025-12-12 23:59:59.999000+00:00,13200125050.18820,3756406,70171.626,6394111063.25650,0
2025-12-13 00:00:00+00:00,90229.7,90599.0,89711.9,90191.3,36237.733,2025-12-13 23:59:59.999000+00:00,3269571102.33410,932723,17479.460,1577183376.28970,0
2025-12-14 00:00:00+00:00,90191.3,90440.0,87504.3,88118.8,92086.654,2025-12-14 23:59:59.999000+00:00,8202472245.43010,2328828,42720.264,3805644073.48840,0
2025-12-15 00:00:00+00:00,88118.8,89972.4,85073.0,86389.9,194216.045,2025-12-15 23:59:59.999000+00:00,17011925792.43250,4934375,94430.912,8272115736.19140,0
2025-12-16 00:00:00+00:00,86390.0,88143.9,85226.0,87826.3,142225.048,2025-12-16 23:59:59.999000+00:00,12361523043.79640,4227432,70313.060,6113438681.89170,0
2025-12-17 00:00:00+00:00,87826.3,90363.2,85261.3,86201.6,208646.748,2025-12-17 23:59:59.999000+00:00,18228465804.62130,5781931,105691.482,9233349207.38850,0
2025-12-18 00:00:00+00:00,86201.6,89447.9,84408.6,85469.7,229573.679,2025-12-18 23:59:59.999000+00:00,19944082984.39680,6086801,114728.003,9969623749.29850,0
2025-12-19 00:00:00+00:00,85469.8,89374.6,85062.7,88100.0,178284.494,2025-12-19 23:59:59.999000+00:00,15617337797.65270,5034312,90542.953,7932688826.59740,0
2025-12-20 00:00:00+00:00,88100.0,88551.8,87698.5,88320.8,35973.848,2025-12-20 23:59:59.999000+00:00,3171782778.23740,923871,18260.294,1610228535.35120,0
2025-12-21 00:00:00+00:00,88320.7,89050.0,87548.5,88621.3,67624.388,2025-12-21 23:59:59.999000+00:00,5968133891.81960,1874966,32712.868,2887602454.75500,0
2025-12-22 00:00:00+00:00,88621.3,90599.0,87845.0,88581.5,154693.469,2025-12-22 23:59:59.999000+00:00,13801598552.25260,4180747,77898.364,6951347714.12610,0
2025-12-23 00:00:00+00:00,88581.5,88904.9,86536.0,87463.0,133657.948,2025-12-23 23:59:59.999000+00:00,11714876769.24630,3476009,64852.617,5685542045.10420,0
2025-12-24 00:00:00+00:00,87463.1,88033.3,86355.0,87627.3,81543.508,2025-12-24 23:59:59.999000+00:00,7107553239.53790,2265487,40807.967,3557644789.48520,0
2025-12-25 00:00:00+00:00,87627.4,88594.0,86902.1,87182.8,57796.252,2025-12-25 23:59:59.999000+00:00,5072600548.96330,1544627,27827.130,2442856595.03640,0
2025-12-26 00:00:00+00:00,87182.8,89557.6,86619.9,87318.2,149971.737,2025-12-26 23:59:59.999000+00:00,13204732310.09800,3606967,76191.941,6707636492.37970,0
2025-12-27 00:00:00+00:00,87318.3,87956.9,87203.0,87829.4,27294.109,2025-12-27 23:59:59.999000+00:00,2388675294.68000,702865,13546.965,1185724776.12080,0
2025-12-28 00:00:00+00:00,87829.5,88078.3,87402.6,87920.5,37359.964,2025-12-28 23:59:59.999000+00:00,3278205503.95700,886145,19229.166,1687448428.57950,0
2025-12-29 00:00:00+00:00,87920.4,90373.4,86760.0,87203.3,190004.209,2025-12-29 23:59:59.999000+00:00,16787751031.79450,3903591,95283.174,8416033696.75150,0
2025-12-30 00:00:00+00:00,87203.2,89355.0,86789.0,88455.3,126745.26,2025-12-30 23:59:59.999000+00:00,11172280215.55080,2751660,62853.527,5540336897.81150,0
2025-12-31 00:00:00+00:00,88455.2,89192.8,87189.2,87608.2,96768.357,2025-12-31 23:59:59.999000+00:00,8534611355.54000,2111873,48482.035,4275528251.61570,0
2026-01-01 00:00:00+00:00,87608.3,88881.4,87508.4,88800.0,47941.303,2026-01-01 23:59:59.999000+00:00,4221684071.52160,1056983,24309.438,2140634699.04340,0
2026-01-02 00:00:00+00:00,88800.0,90945.1,88324.4,89951.4,176662.448,2026-01-02 23:59:59.999000+00:00,15818436364.51320,3761821,88056.870,7886732816.13240,0
2026-01-03 00:00:00+00:00,89951.5,90716.9,89261.2,90595.8,56891.269,2026-01-03 23:59:59.999000+00:00,5120704164.66010,1281323,29015.764,2611863035.04100,0
2026-01-04 00:00:00+00:00,90595.8,91779.7,90595.7,91497.1,73773.029,2026-01-04 23:59:59.999000+00:00,6733223160.20200,1754310,37402.277,3413859398.85460,0
2026-01-05 00:00:00+00:00,91497.2,94760.3,91476.5,93822.4,189416.312,2026-01-05 23:59:59.999000+00:00,17646171283.74050,4067261,97059.465,9042581525.80390,0
2026-01-06 00:00:00+00:00,93822.3,94415.4,91209.0,93708.0,187443.05,2026-01-06 23:59:59.999000+00:00,17445560806.77590,3608826,94232.226,8770892721.28980,0
2026-01-07 00:00:00+00:00,93708.1,93708.1,90634.1,91328.0,148986.85,2026-01-07 23:59:59.999000+00:00,13680092151.81260,3128555,73299.714,6727596648.75520,0
2026-01-08 00:00:00+00:00,91328.1,91666.0,89242.0,91059.8,168475.944,2026-01-08 23:59:59.999000+00:00,15234838673.23060,3683287,84435.026,7635322062.94200,0
2026-01-09 00:00:00+00:00,91059.8,91999.0,89632.8,90603.6,140394.677,2026-01-09 23:59:59.999000+00:00,12741216614.73380,3331017,69989.001,6352106377.41890,0
2026-01-10 00:00:00+00:00,90603.7,90800.0,90351.6,90469.6,25270.741,2026-01-10 23:59:59.999000+00:00,2289227865.14670,599781,12020.536,1088926580.30110,0
2026-01-11 00:00:00+00:00,90469.7,91252.5,90175.3,90964.4,43544.382,2026-01-11 23:59:59.999000+00:00,3951590389.48780,1038354,21293.365,1932532329.09100,0
2026-01-12 00:00:00+00:00,90964.4,92488.0,90066.0,91252.6,169237.383,2026-01-12 23:59:59.999000+00:00,15460787326.06710,3781380,82912.104,7572852155.42570,0
2026-01-13 00:00:00+00:00,91252.5,96863.7,91011.0,95375.2,200545.918,2026-01-13 23:59:59.999000+00:00,18702759214.68130,4318052,105695.435,9864317696.05910,0
2026-01-14 00:00:00+00:00,95375.2,97932.1,94413.4,96907.9,182043.491,2026-01-14 23:59:59.999000+00:00,17517864908.39970,4348837,92286.055,8882328810.85100,0
2026-01-15 00:00:00+00:00,96908.0,97155.0,95080.0,95567.3,149204.741,2026-01-15 23:59:59.999000+00:00,14354929430.59580,3798595,75974.818,7310211188.04760,0
2026-01-16 00:00:00+00:00,95567.4,95825.0,94234.5,95503.7,101218.089,2026-01-16 23:59:59.999000+00:00,9631783779.46910,2400899,48339.645,4600540806.82060,0
2026-01-17 00:00:00+00:00,95503.8,95621.9,94977.5,95107.9,38969.233,2026-01-17 23:59:59.999000+00:00,3713666637.41870,818622,18898.703,1801057681.61830,0
2026-01-18 00:00:00+00:00,95107.9,95490.0,93550.3,93614.0,62580.393,2026-01-18 23:59:59.999000+00:00,5933385909.87450,1329656,30549.157,2897470488.18190,0
2026-01-19 00:00:00+00:00,93614.0,93614.1,91800.0,92589.6,108237.056,2026-01-19 23:59:59.999000+00:00,10038160831.54190,2825417,53768.893,4986797574.48370,0
2026-01-20 00:00:00+00:00,92589.6,92845.0,87787.2,88390.6,188076.2,2026-01-20 23:59:59.999000+00:00,17018198701.37690,4631114,89134.355,8067693049.12730,0
2026-01-21 00:00:00+00:00,88390.7,90599.5,87205.5,89411.4,208082.615,2026-01-21 23:59:59.999000+00:00,18550738542.86820,5516402,102546.299,9143105060.37000,0
2026-01-22 00:00:00+00:00,89411.4,90327.7,88465.6,89518.5,105914.221,2026-01-22 23:59:59.999000+00:00,9479318940.23080,3188240,52482.607,4697915270.76820,0
2026-01-23 00:00:00+00:00,89518.4,91195.0,88530.0,89558.7,124825.85,2026-01-23 23:59:59.999000+00:00,11205111434.18440,3316867,61779.895,5546065367.21530,0
2026-01-24 00:00:00+00:00,89558.7,89893.9,89116.9,89180.7,30735.937,2026-01-24 23:59:59.999000+00:00,2749562449.60910,704903,14976.518,1340050881.40530,0
2026-01-25 00:00:00+00:00,89180.7,89281.6,86021.7,86628.9,124879.363,2026-01-25 23:59:59.999000+00:00,10926589926.88440,2890811,59390.821,5197048472.47340,0
2026-01-26 00:00:00+00:00,86628.9,88834.1,86463.2,88300.6,134609.491,2026-01-26 23:59:59.999000+00:00,11814857414.29170,3655855,66466.747,5834082697.15860,0
2026-01-27 00:00:00+00:00,88300.6,89499.0,87265.4,89197.8,117926.114,2026-01-27 23:59:59.999000+00:00,10418692062.98080,3132674,59716.738,5275991529.70270,0
2026-01-28 00:00:00+00:00,89197.8,90592.7,88786.0,89261.7,123884.859,2026-01-28 23:59:59.999000+00:00,11091286350.52050,3491891,61737.440,5528477718.53880,0
2026-01-29 00:00:00+00:00,89261.7,89316.8,83338.3,84604.7,226761.591,2026-01-29 23:59:59.999000+00:00,19452002164.52360,5246087,107600.597,9231117126.03450,0
2026-01-30 00:00:00+00:00,84604.7,84697.2,81000.0,84211.4,254794.516,2026-01-30 23:59:59.999000+00:00,21126748812.48620,7256441,125556.402,10413491253.01050,0
2026-01-31 00:00:00+00:00,84211.4,84239.5,75500.0,78706.8,271548.511,2026-01-31 23:59:59.999000+00:00,21725315465.78220,7438979,125677.136,10063492728.06210,0
2026-02-01 00:00:00+00:00,78706.7,79396.8,75644.0,76931.5,186984.08,2026-02-01 23:59:59.999000+00:00,14530348059.77700,6762058,89510.966,6959321844.24930,0
2026-02-02 00:00:00+00:00,76931.6,79311.0,74555.0,78692.5,259646.414,2026-02-02 23:59:59.999000+00:00,20033127365.07810,10356254,130227.950,10052791614.94390,0
2026-02-03 00:00:00+00:00,78692.5,79163.0,72889.2,75732.4,307725.516,2026-02-03 23:59:59.999000+00:00,23507272161.97430,8904271,150597.328,11504740665.99950,0
2026-02-04 00:00:00+00:00,75732.4,76952.5,71838.0,73137.4,293124.639,2026-02-04 23:59:59.999000+00:00,21772124047.95190,9146258,144596.988,10738927062.22910,0
2026-02-05 00:00:00+00:00,73137.5,73316.3,62233.3,62868.1,670089.741,2026-02-05 23:59:59.999000+00:00,45383453171.81650,19581560,322109.264,21807977020.39000,0
2026-02-06 00:00:00+00:00,62868.1,71714.4,59800.0,70544.5,559182.769,2026-02-06 23:59:59.999000+00:00,37147154675.96620,16332904,283473.971,18863949152.18620,0
2026-02-07 00:00:00+00:00,70544.5,71690.0,67250.0,69254.2,266663.651,2026-02-07 23:59:59.999000+00:00,18436859331.99780,8784245,131785.540,9110082591.68010,0
2026-02-08 00:00:00+00:00,69254.3,72300.0,68843.7,70288.1,162753.587,2026-02-08 23:59:59.999000+00:00,11477495028.25720,5758737,84081.188,5930510155.45590,0
2026-02-09 00:00:00+00:00,70288.2,71434.9,68271.7,70110.5,222442.828,2026-02-09 23:59:59.999000+00:00,15536232970.81530,8000547,111498.925,7789587450.75710,0
2026-02-10 00:00:00+00:00,70110.6,70499.9,67883.0,68805.3,183872.609,2026-02-10 23:59:59.999000+00:00,12702030089.13600,6235581,90509.520,6253576090.19960,0
2026-02-11 00:00:00+00:00,68805.3,69262.7,65718.5,67054.4,256625.524,2026-02-11 23:59:59.999000+00:00,17245163504.01090,8361548,127263.683,8552993198.88050,0
2026-02-12 00:00:00+00:00,67054.8,68385.0,65081.0,66243.1,199993.259,2026-02-12 23:59:59.999000+00:00,13358290840.29030,6480832,97623.786,6521965541.19170,0
2026-02-13 00:00:00+00:00,66243.2,69473.7,65833.9,68821.5,183043.289,2026-02-13 23:59:59.999000+00:00,12411102395.28040,5506424,92834.952,6296336083.35190,0
2026-02-14 00:00:00+00:00,68821.5,70557.7,68689.1,69795.4,114534.246,2026-02-14 23:59:59.999000+00:00,7975934194.15410,3101501,59131.453,4118198244.31350,0
2026-02-15 00:00:00+00:00,69795.4,70938.5,68029.6,68796.9,151250.13,2026-02-15 23:59:59.999000+00:00,10503980127.90980,4131070,75420.635,5239469410.76890,0
2026-02-16 00:00:00+00:00,68796.9,70110.9,67250.0,68862.5,149579.748,2026-02-16 23:59:59.999000+00:00,10246352235.40220,4281080,74612.753,5112811990.01180,0
2026-02-17 00:00:00+00:00,68862.6,69228.6,66588.0,67475.9,149185.122,2026-02-17 23:59:59.999000+00:00,10110613783.24710,4735651,72488.674,4913522362.51580,0
2026-02-18 00:00:00+00:00,67475.9,68438.0,65826.1,66422.8,163973.391,2026-02-18 23:59:59.999000+00:00,11015902259.55550,4414934,80983.885,5442262907.78370,0
2026-02-19 00:00:00+00:00,66422.8,67299.4,65595.7,66974.0,147432.601,2026-02-19 23:59:59.999000+00:00,9812064348.18620,4243601,73067.180,4863653042.41060,0
2026-02-20 00:00:00+00:00,66973.9,68283.7,66408.1,67979.3,225303.971,2026-02-20 23:59:59.999000+00:00,15188111219.34690,5164151,113814.422,7672390279.25230,0
2026-02-21 00:00:00+00:00,67979.3,68687.0,67488.9,67933.1,87495.493,2026-02-21 23:59:59.999000+00:00,5962675788.09880,1846629,45144.688,3077321357.65570,0
2026-02-22 00:00:00+00:00,67933.2,68220.0,67150.0,67613.5,84343.422,2026-02-22 23:59:59.999000+00:00,5711913292.39260,1863706,42548.861,2881219584.17340,0
2026-02-23 00:00:00+00:00,67613.6,67655.8,63860.0,64625.8,277151.296,2026-02-23 23:59:59.999000+00:00,18105752523.78730,6630619,136928.480,8944665157.55320,0
2026-02-24 00:00:00+00:00,64625.8,64980.0,62401.7,64031.3,223150.569,2026-02-24 23:59:59.999000+00:00,14197862756.48560,5758456,109251.438,6952752503.52220,0
2026-02-25 00:00:00+00:00,64031.4,69999.0,63876.0,67952.5,299238.818,2026-02-25 23:59:59.999000+00:00,20064546495.41160,6996840,157407.474,10552957659.52020,0
2026-02-26 00:00:00+00:00,67952.5,68850.0,66462.0,67448.2,177837.055,2026-02-26 23:59:59.999000+00:00,12034418012.35770,5337568,87776.569,5941265435.06130,0
2026-02-27 00:00:00+00:00,67448.1,68188.8,64875.6,65836.0,205957.364,2026-02-27 23:59:59.999000+00:00,13676652433.98220,5402389,101504.077,6739338522.55440,0
2026-02-28 00:00:00+00:00,65836.0,67735.0,62979.5,66937.1,257922.786,2026-02-28 23:59:59.999000+00:00,16739946355.59530,6409763,128512.265,8346357005.28280,0
2026-03-01 00:00:00+00:00,66937.0,68189.0,65011.0,65750.0,219111.436,2026-03-01 23:59:59.999000+00:00,14595540041.56590,5961363,109014.685,7263217121.69530,0
2026-03-02 00:00:00+00:00,65749.9,70100.0,65234.4,68801.8,277378.032,2026-03-02 23:59:59.999000+00:00,18797402666.49240,7594400,142201.207,9641711691.19480,0
2026-03-03 00:00:00+00:00,68801.8,69221.6,66080.0,68295.3,257469.9,2026-03-03 23:59:59.999000+00:00,17427071396.12830,7256084,129683.240,8780068484.01330,0
2026-03-04 00:00:00+00:00,68295.2,74046.5,67350.0,72641.4,357143.496,2026-03-04 23:59:59.999000+00:00,25451510255.99590,9113296,190287.738,13562199872.30340,0
2026-03-05 00:00:00+00:00,72641.4,73539.1,70612.8,70854.8,226168.28,2026-03-05 23:59:59.999000+00:00,16281967883.72030,6208035,112195.131,8079656887.71210,0
2026-03-06 00:00:00+00:00,70854.8,71387.5,67712.3,68083.0,213382.703,2026-03-06 23:59:59.999000+00:00,14828774016.97540,5538756,102870.052,7149555899.66310,0
2026-03-07 00:00:00+00:00,68083.0,68524.9,66850.1,67232.1,94570.162,2026-03-07 23:59:59.999000+00:00,6406934226.66050,2310757,45855.067,3107174130.07500,0
2026-03-08 00:00:00+00:00,67232.1,68171.6,65569.2,65934.3,155747.973,2026-03-08 23:59:59.999000+00:00,10426897603.09720,3935975,76827.845,5147142558.93670,0
2026-03-09 00:00:00+00:00,65934.3,69498.0,65770.5,68394.1,237211.547,2026-03-09 23:59:59.999000+00:00,16143343325.20730,6402136,121973.387,8301108300.60320,0
2026-03-10 00:00:00+00:00,68394.0,71748.1,68345.0,69901.9,265674.484,2026-03-10 23:59:59.999000+00:00,18671992004.42490,6447895,135881.438,9551079577.35770,0
2026-03-11 00:00:00+00:00,69901.8,71286.0,68932.9,70150.0,195627.956,2026-03-11 23:59:59.999000+00:00,13717861932.27640,5153969,99852.987,7003372481.11620,0
2026-03-12 00:00:00+00:00,70150.0,70756.5,69150.0,70480.1,186490.593,2026-03-12 23:59:59.999000+00:00,13053987974.22050,5027652,93473.694,6543069845.17250,0
2026-03-13 00:00:00+00:00,70480.1,73870.0,70342.7,70895.5,300232.121,2026-03-13 23:59:59.999000+00:00,21593507872.20230,6412789,156863.010,11283022486.73780,0
2026-03-14 00:00:00+00:00,70895.5,71272.3,70256.0,71174.4,79283.014,2026-03-14 23:59:59.999000+00:00,5607440555.43480,1886463,39723.954,2810176879.79960,0
2026-03-15 00:00:00+00:00,71174.4,73199.9,70815.7,72778.9,126474.242,2026-03-15 23:59:59.999000+00:00,9080449373.00480,3045577,66929.360,4806884385.18550,0
2026-03-16 00:00:00+00:00,72778.8,74880.0,72235.6,74846.4,269076.99,2026-03-16 23:59:59.999000+00:00,19840157846.20030,6268523,142195.122,10486931743.15500,0
2026-03-17 00:00:00+00:00,74846.4,75998.9,73330.3,73872.4,218278.973,2026-03-17 23:59:59.999000+00:00,16237908572.56670,5479878,112058.066,8337836305.90800,0
2026-03-18 00:00:00+00:00,73872.3,74633.0,70456.0,71202.9,226755.469,2026-03-18 23:59:59.999000+00:00,16383639137.95230,5356124,109590.175,7920069210.92690,0
2026-03-19 00:00:00+00:00,71202.9,71598.3,68750.0,69887.4,218646.177,2026-03-19 23:59:59.999000+00:00,15294450396.18980,5571163,104855.165,7335537800.71490,0
2026-03-20 00:00:00+00:00,69887.4,71342.2,69350.0,70472.7,186241.517,2026-03-20 23:59:59.999000+00:00,13081138829.46240,4888724,95658.426,6719666214.18730,0
2026-03-21 00:00:00+00:00,70472.6,71077.7,68511.3,68881.5,74084.886,2026-03-21 23:59:59.999000+00:00,5205605275.92530,1878597,34700.301,2440331893.15370,0
2026-03-22 00:00:00+00:00,68881.5,69555.8,67300.0,67830.6,134880.564,2026-03-22 23:59:59.999000+00:00,9248443589.32470,3656404,66109.279,4533941495.73990,0
2026-03-23 00:00:00+00:00,67830.7,71789.8,67400.1,70865.9,291099.678,2026-03-23 23:59:59.999000+00:00,20370260333.75580,7419964,149407.438,10456499392.32550,0
2026-03-24 00:00:00+00:00,70866.0,71377.5,68884.5,70523.9,196191.95,2026-03-24 23:59:59.999000+00:00,13772645263.82230,4920785,98069.538,6886069653.53460,0
2026-03-25 00:00:00+00:00,70524.0,71999.9,70375.0,71297.5,166515.849,2026-03-25 23:59:59.999000+00:00,11849218843.54430,4276151,85566.483,6089918411.41550,0
2026-03-26 00:00:00+00:00,71297.5,71408.1,68115.8,68788.0,186473.614,2026-03-26 23:59:59.999000+00:00,12951042505.34980,4295874,89375.977,6207615721.37090,0
2026-03-27 00:00:00+00:00,68788.1,69142.7,65501.0,66364.2,212351.048,2026-03-27 23:59:59.999000+00:00,14210587774.42080,4882340,99296.688,6645603566.70390,0
2026-03-28 00:00:00+00:00,66364.1,67284.0,65888.0,66334.8,89373.492,2026-03-28 23:59:59.999000+00:00,5950578006.83880,1936311,45864.542,3054483289.81930,0
2026-03-29 00:00:00+00:00,66334.8,67100.0,64918.2,65977.9,110278.396,2026-03-29 23:59:59.999000+00:00,7312091384.94660,2569247,52166.210,3460384461.26510,0
2026-03-30 00:00:00+00:00,65978.0,68148.4,65754.2,66764.4,187059.065,2026-03-30 23:59:59.999000+00:00,12563731418.24450,4757179,95737.116,6430144653.79930,0
2026-03-31 00:00:00+00:00,66764.4,68600.0,65938.0,68241.5,243333.085,2026-03-31 23:59:59.999000+00:00,16388241988.44350,5862363,124615.591,8396181305.48690,0
2026-04-01 00:00:00+00:00,68241.4,69288.0,67534.9,68086.5,157276.22,2026-04-01 23:59:59.999000+00:00,10762216842.01740,4106767,80109.366,5482948501.16370,0
2026-04-02 00:00:00+00:00,68086.4,68639.1,65676.1,66868.5,188358.921,2026-04-02 23:59:59.999000+00:00,12579517168.53440,4638638,90555.926,6049738477.81480,0
2026-04-03 00:00:00+00:00,66868.6,67350.0,66240.0,66930.0,79267.833,2026-04-03 23:59:59.999000+00:00,5293680077.20630,1992751,39548.730,2641788463.64100,0
2026-04-04 00:00:00+00:00,66930.0,67554.5,66745.5,67271.0,50770.337,2026-04-04 23:59:59.999000+00:00,3410098603.02770,974725,25639.145,1722456378.50430,0
2026-04-05 00:00:00+00:00,67271.1,69108.0,66575.5,68997.9,104918.169,2026-04-05 23:59:59.999000+00:00,7083232336.50340,2094751,56721.718,3831677470.63710,0
2026-04-06 00:00:00+00:00,68997.9,70332.5,68227.5,68817.9,166757.236,2026-04-06 23:59:59.999000+00:00,11569303168.56050,4113878,83004.367,5761065151.39940,0
2026-04-07 00:00:00+00:00,68817.9,72743.4,67711.0,71890.2,232828.247,2026-04-07 23:59:59.999000+00:00,16182279542.87390,5373548,123615.487,8599656840.02230,0
2026-04-08 00:00:00+00:00,71890.2,72858.5,70671.6,71038.1,183378.492,2026-04-08 23:59:59.999000+00:00,13133483725.52910,4083755,93431.327,6693623001.93240,0
2026-04-09 00:00:00+00:00,71038.2,73128.0,70428.0,71750.4,175806.457,2026-04-09 23:59:59.999000+00:00,12590015134.56030,4240779,90420.751,6478553823.77030,0
2026-04-10 00:00:00+00:00,71750.4,73450.0,71382.1,72917.4,156569.666,2026-04-10 23:59:59.999000+00:00,11339768854.14310,3530906,80182.211,5808783569.39010,0
2026-04-11 00:00:00+00:00,72917.4,73773.4,72451.9,73013.4,80169.67,2026-04-11 23:59:59.999000+00:00,5853687218.54430,1757326,41840.259,3055775778.06170,0
2026-04-12 00:00:00+00:00,73013.4,73094.4,70458.2,70711.1,134822.989,2026-04-12 23:59:59.999000+00:00,9619397053.25320,2700369,64950.326,4634586894.26970,0
2026-04-13 00:00:00+00:00,70711.2,74870.0,70517.3,74385.0,213029.519,2026-04-13 23:59:59.999000+00:00,15429798791.71530,4357102,112073.325,8123328701.94140,0
2026-04-14 00:00:00+00:00,74384.9,76009.0,73766.8,74106.9,183261.49,2026-04-14 23:59:59.999000+00:00,13694374804.03400,4218005,95642.599,7149178056.54910,0
2026-04-15 00:00:00+00:00,74106.9,75425.6,73449.0,74776.2,131029.771,2026-04-15 23:59:59.999000+00:00,9730355811.33520,3436946,66693.646,4954210269.13990,0
2026-04-16 00:00:00+00:00,74776.3,75500.0,73256.8,75106.8,158397.725,2026-04-16 23:59:59.999000+00:00,11801394012.96510,4081084,79897.602,5954451951.72580,0
2026-04-17 00:00:00+00:00,75106.8,78300.0,74480.0,77030.6,239395.915,2026-04-17 23:59:59.999000+00:00,18324625150.37570,5543309,124203.819,9508968258.29910,0
2026-04-18 00:00:00+00:00,77030.6,77380.0,75395.9,75653.8,105894.391,2026-04-18 23:59:59.999000+00:00,8076569348.82350,2448295,50166.281,3826394976.62100,0
2026-04-19 00:00:00+00:00,75653.8,76200.0,73700.2,73758.4,128978.211,2026-04-19 23:59:59.999000+00:00,9683836062.95990,3539624,63058.289,4736545268.80330,0
2026-04-20 00:00:00+00:00,73758.4,76531.0,73669.0,75790.1,166149.667,2026-04-20 23:59:59.999000+00:00,12510062747.37120,4412505,86599.130,6522423958.71940,0
2026-04-21 00:00:00+00:00,75790.1,76999.0,74777.9,76288.2,164760.987,2026-04-21 23:59:59.999000+00:00,12500416813.70380,4536844,82755.902,6280085483.84280,0
2026-04-22 00:00:00+00:00,76288.3,79444.0,76078.6,78139.8,191087.096,2026-04-22 23:59:59.999000+00:00,14938373139.34610,4654803,101992.557,7974983102.88710,0
2026-04-23 00:00:00+00:00,78139.7,78648.0,76504.6,78216.8,172485.012,2026-04-23 23:59:59.999000+00:00,13417395909.75700,4384196,84718.875,6592277714.22400,0
2026-04-24 00:00:00+00:00,78217.4,78546.0,77206.8,77395.4,127783.005,2026-04-24 23:59:59.999000+00:00,9945529700.82130,3111521,63895.667,4973678914.41980,0
2026-04-25 00:00:00+00:00,77395.3,77847.0,77100.0,77585.0,46592.486,2026-04-25 23:59:59.999000+00:00,3610097135.48570,1074571,23089.429,1789188982.01080,0
2026-04-26 00:00:00+00:00,77585.0,78994.8,77280.0,78613.5,79943.305,2026-04-26 23:59:59.999000+00:00,6242573929.51120,1958460,40732.364,3181665010.40380,0
2026-04-27 00:00:00+00:00,78614.4,79455.0,76400.0,77331.2,169100.883,2026-04-27 23:59:59.999000+00:00,13145988361.72060,3759613,79780.744,6202616215.80200,0
2026-04-28 00:00:00+00:00,77331.2,77450.0,75635.6,76298.1,103918.877,2026-04-28 23:59:59.999000+00:00,7940395434.43440,2755530,51324.109,3921079223.06330,0
2026-04-29 00:00:00+00:00,76298.2,77873.2,74868.0,75749.9,186533.503,2026-04-29 23:59:59.999000+00:00,14249560003.82800,3744656,93018.079,7107579066.80160,0
2026-04-30 00:00:00+00:00,75749.9,76630.3,75273.5,76305.4,99754.46,2026-04-30 23:59:59.999000+00:00,7592288630.26180,2581648,51739.389,3938217113.95570,0
2026-05-01 00:00:00+00:00,76305.4,78879.9,76265.4,78192.0,152998.306,2026-05-01 23:59:59.999000+00:00,11910926993.19260,3193414,79967.911,6224875505.99660,0
2026-05-02 00:00:00+00:00,78191.9,79145.0,77979.3,78652.9,51441.108,2026-05-02 23:59:59.999000+00:00,4033520631.75410,1220863,27323.799,2142884125.86390,0
2026-05-03 00:00:00+00:00,78652.8,79428.9,78027.0,78529.0,72033.621,2026-05-03 23:59:59.999000+00:00,5665696047.92640,1769810,36821.027,2896791628.42950,0
2026-05-04 00:00:00+00:00,78529.0,80771.7,78128.3,79826.1,280916.582,2026-05-04 23:59:59.999000+00:00,22352471036.61390,5588231,139739.282,11125152316.58890,0
2026-05-05 00:00:00+00:00,79826.1,81745.4,79761.2,80861.9,170921.528,2026-05-05 23:59:59.999000+00:00,13859497343.31220,3517847,94779.367,7686811919.42910,0
2026-05-06 00:00:00+00:00,80861.9,82828.7,80651.2,81390.1,158200.508,2026-05-06 23:59:59.999000+00:00,12927894460.92710,3814275,81342.650,6648701776.01930,0
2026-05-07 00:00:00+00:00,81390.0,81680.6,79461.5,79969.4,134727.652,2026-05-07 23:59:59.999000+00:00,10847675002.30610,3380745,65049.244,5238074366.83520,0
2026-05-08 00:00:00+00:00,79969.5,80478.0,79137.4,80155.2,106762.913,2026-05-08 23:59:59.999000+00:00,8526573357.11950,2837678,54063.082,4317886683.48660,0
2026-05-09 00:00:00+00:00,80155.2,81043.2,80080.0,80634.0,55957.334,2026-05-09 23:59:59.999000+00:00,4503617575.09460,1271383,28915.930,2327249644.93010,0
2026-05-10 00:00:00+00:00,80634.0,82460.5,80225.1,82177.7,94950.803,2026-05-10 23:59:59.999000+00:00,7710867902.26520,2249327,49103.839,3988588385.86510,0
2026-05-11 00:00:00+00:00,82177.7,82350.0,80394.0,81699.1,121990.421,2026-05-11 23:59:59.999000+00:00,9914471000.51560,3134296,59087.775,4802044688.72590,0
2026-05-12 00:00:00+00:00,81699.1,81757.3,79801.0,80461.0,121313.956,2026-05-12 23:59:59.999000+00:00,9789139740.09450,2704822,60253.092,4862099743.67050,0
2026-05-13 00:00:00+00:00,80461.0,81270.2,78713.8,79288.3,139700.645,2026-05-13 23:59:59.999000+00:00,11167790014.51360,2907428,69068.793,5522950812.33050,0
2026-05-14 00:00:00+00:00,79288.2,81999.0,78869.4,81048.9,175883.625,2026-05-14 23:59:59.999000+00:00,14166202818.07620,3735245,91821.900,7396409670.39570,0
2026-05-15 00:00:00+00:00,81048.8,81623.8,78610.0,79074.0,153823.505,2026-05-15 23:59:59.999000+00:00,12292172672.26230,3558190,76762.992,6134432619.49800,0
2026-05-16 00:00:00+00:00,79074.0,79199.7,77601.8,78104.2,86150.451,2026-05-16 23:59:59.999000+00:00,6745204001.35670,1893984,40355.528,3159749226.37270,0
2026-05-17 00:00:00+00:00,78104.3,78564.3,76666.0,77430.4,86217.669,2026-05-17 23:59:59.999000+00:00,6712948169.96980,1935246,40338.720,3142948524.41890,0
2026-05-18 00:00:00+00:00,77430.4,77757.5,76014.2,76963.2,178363.499,2026-05-18 23:59:59.999000+00:00,13699664123.41510,4327873,88084.022,6766389445.31750,0
2026-05-19 00:00:00+00:00,76963.2,77384.6,76107.1,76799.9,99046.639,2026-05-19 23:59:59.999000+00:00,7603377917.78640,2665616,48097.270,3692720647.06020,0
2026-05-20 00:00:00+00:00,76800.0,77825.8,76485.0,77510.3,107607.406,2026-05-20 23:59:59.999000+00:00,8314023123.80360,2742623,54228.551,4190939125.59660,0
2026-05-21 00:00:00+00:00,77510.3,78180.0,76696.7,77586.2,117095.161,2026-05-21 23:59:59.999000+00:00,9079126567.90110,2866709,58038.228,4501124501.63080,0
2026-05-22 00:00:00+00:00,77586.3,77862.7,75322.0,75513.1,116206.213,2026-05-22 23:59:59.999000+00:00,8909928951.18650,2569349,55486.276,4256556054.11900,0
2026-05-23 00:00:00+00:00,75513.1,77427.0,74203.6,76715.2,153827.753,2026-05-23 23:59:59.999000+00:00,11619846136.93790,3004860,79962.496,6041908572.70320,0
2026-05-24 00:00:00+00:00,76715.3,77600.0,76056.0,77030.3,91134.277,2026-05-24 23:59:59.999000+00:00,6995184441.05060,2234138,46951.462,3605093573.36100,0
2026-05-25 00:00:00+00:00,77030.3,77887.9,76871.4,77281.5,76708.408,2026-05-25 23:59:59.999000+00:00,5935318058.46160,1931005,39621.540,3066054546.00860,0
2026-05-26 00:00:00+00:00,77281.5,78077.1,75641.2,75905.5,164920.082,2026-05-26 23:59:59.999000+00:00,12654056290.28570,3665650,81798.307,6277167640.28960,0
2026-05-27 00:00:00+00:00,75905.6,76155.5,74210.0,74418.1,144715.461,2026-05-27 23:59:59.999000+00:00,10884781930.54440,3448760,68881.582,5182029673.85810,0
2026-05-28 00:00:00+00:00,74418.0,74565.3,72556.0,73591.4,179445.677,2026-05-28 23:59:59.999000+00:00,13158313710.15540,3962599,88684.970,6502127242.45950,0
2026-05-29 00:00:00+00:00,73591.4,74293.1,72436.0,73428.2,146157.182,2026-05-29 23:59:59.999000+00:00,10744239263.34230,3330599,70734.281,5200482659.91780,0
2026-05-30 00:00:00+00:00,73428.2,74108.8,73130.1,73856.8,52543.686,2026-05-30 23:59:59.999000+00:00,3872898602.55800,1170355,28011.296,2064671058.76930,0
2026-05-31 00:00:00+00:00,73856.9,74250.0,73340.7,73653.2,58241.459,2026-05-31 23:59:59.999000+00:00,4298158210.98430,1441196,28704.090,2118524984.57270,0
2026-06-01 00:00:00+00:00,73653.2,74070.5,70650.9,71391.5,213471.128,2026-06-01 23:59:59.999000+00:00,15378872728.37250,4458372,104990.580,7563168002.31860,0
2026-06-02 00:00:00+00:00,71391.5,71397.0,66150.7,66730.0,346702.152,2026-06-02 23:59:59.999000+00:00,23712505169.32780,7127356,166204.475,11371042208.19040,0
2026-06-03 00:00:00+00:00,66730.1,67493.8,64050.8,64117.7,310901.538,2026-06-03 23:59:59.999000+00:00,20585781398.04730,6966925,149213.984,9885249714.96150,0
2026-06-04 00:00:00+00:00,64117.7,64739.8,61344.8,63853.4,431174.611,2026-06-04 23:59:59.999000+00:00,27310650403.73900,10874585,213316.447,13514269338.10170,0
2026-06-05 00:00:00+00:00,63853.4,63955.0,59080.0,61022.0,478161.885,2026-06-05 23:59:59.999000+00:00,29361378809.92440,13001562,232607.696,14290455965.67390,0
2026-06-06 00:00:00+00:00,61022.0,61500.0,59451.3,60849.7,174760.843,2026-06-06 23:59:59.999000+00:00,10605474090.51500,5613152,85845.659,5210160125.74850,0
2026-06-07 00:00:00+00:00,60849.7,64250.0,60708.0,63298.5,217479.033,2026-06-07 23:59:59.999000+00:00,13517713522.34480,5625457,112626.445,7001852664.35880,0
2026-06-08 00:00:00+00:00,63299.0,64179.5,62377.0,63057.9,184441.053,2026-06-08 23:59:59.999000+00:00,11686149262.50160,5553169,93444.085,5921735024.91730,0
2026-06-09 00:00:00+00:00,63057.9,63499.9,60755.0,61695.0,221399.474,2026-06-09 23:59:59.999000+00:00,13747227695.60870,5499289,107397.606,6669133960.66490,0
2026-06-10 00:00:00+00:00,61694.9,62840.2,60691.9,61483.7,193054.264,2026-06-10 23:59:59.999000+00:00,11904619873.81460,5545622,96771.687,5968864811.15650,0
2026-06-11 00:00:00+00:00,61483.6,63915.3,61483.6,63597.9,193994.574,2026-06-11 23:59:59.999000+00:00,12203645517.49520,4464945,103587.129,6518375446.16420,0
2026-06-12 00:00:00+00:00,63598.0,64362.6,62800.0,63547.0,145723.782,2026-06-12 23:59:59.999000+00:00,9269070492.51460,3586119,74546.867,4742412883.45360,0
2026-06-13 00:00:00+00:00,63547.0,64738.0,63360.0,64418.2,76161.387,2026-06-13 23:59:59.999000+00:00,4875081330.91150,1605728,38768.194,2482284713.53570,0
2026-06-14 00:00:00+00:00,64418.3,65775.0,63650.0,65702.1,116733.458,2026-06-14 23:59:59.999000+00:00,7543356645.13260,2420457,60549.973,3914345727.54910,0
2026-06-15 00:00:00+00:00,65702.1,67255.4,65314.3,66285.9,167952.941,2026-06-15 23:59:59.999000+00:00,11128369131.61870,3579313,86169.020,5709398822.97150,0
2026-06-16 00:00:00+00:00,66285.9,66956.7,65328.8,65644.8,129106.426,2026-06-16 23:59:59.999000+00:00,8530166441.41650,3186832,64458.046,4259519998.00640,0
2026-06-17 00:00:00+00:00,65644.8,66419.2,63881.2,64472.9,199486.299,2026-06-17 23:59:59.999000+00:00,12993715717.68970,4631138,98821.853,6437246671.45360,0
2026-06-18 00:00:00+00:00,64472.9,64780.0,62232.1,62924.1,187698.716,2026-06-18 23:59:59.999000+00:00,11913345414.78550,4005801,92392.061,5863865588.74670,0
2026-06-19 00:00:00+00:00,62924.0,63645.0,62237.2,63512.6,112226.881,2026-06-19 23:59:59.999000+00:00,7054926729.85110,2721632,58258.725,3663648894.03810,0
2026-06-20 00:00:00+00:00,63512.5,64370.9,63136.2,64270.0,95676.696,2026-06-20 23:59:59.999000+00:00,6097926299.75730,2147300,48913.198,3118395430.98600,0
2026-06-21 00:00:00+00:00,64270.1,64568.0,63220.0,63287.1,84982.076,2026-06-21 23:59:59.999000+00:00,5440812226.54080,1903594,41365.039,2648469088.55030,0
2026-06-22 00:00:00+00:00,63287.2,65597.2,63286.2,63990.2,161843.008,2026-06-22 23:59:59.999000+00:00,10442533457.23880,3838509,82589.322,5329779220.96260,0
2026-06-23 00:00:00+00:00,63990.1,64247.2,61870.0,62696.7,172919.239,2026-06-23 23:59:59.999000+00:00,10846658707.24520,3993212,84991.721,5330726364.29830,0
2026-06-24 00:00:00+00:00,62696.7,63209.6,59060.0,61051.2,278097.304,2026-06-24 23:59:59.999000+00:00,16952133814.08030,5937738,132535.075,8082756879.19000,0
2026-06-25 00:00:00+00:00,61051.2,61931.1,58030.0,59771.9,301830.174,2026-06-25 23:59:59.999000+00:00,18118740546.72460,6739577,149372.807,8967863004.05470,0
2026-06-26 00:00:00+00:00,59772.0,60734.0,58288.0,60072.0,282095.151,2026-06-26 23:59:59.999000+00:00,16822758418.51050,6983368,139341.106,8312708213.93870,0
2026-06-27 00:00:00+00:00,60071.9,60924.7,59819.8,60000.3,81302.593,2026-06-27 23:59:59.999000+00:00,4907885655.01710,1933235,42069.525,2540198927.86170,0
2026-06-28 00:00:00+00:00,60000.4,60543.3,58888.0,59550.2,103598.697,2026-06-28 23:59:59.999000+00:00,6193593269.84920,2643496,49730.114,2974065072.94030,0
2026-06-29 00:00:00+00:00,59550.2,60758.3,58850.0,60224.7,227776.275,2026-06-29 23:59:59.999000+00:00,13640923265.63660,5844739,114160.876,6837134848.14120,0
2026-06-30 00:00:00+00:00,60224.7,60250.0,58160.0,58605.4,191646.301,2026-06-30 23:59:59.999000+00:00,11294873694.85770,4297703,90576.277,5338707202.19230,0
2026-07-01 00:00:00+00:00,58605.4,61322.0,57758.6,59999.6,263938.481,2026-07-01 23:59:59.999000+00:00,15695432641.02520,5246380,136369.842,8115387942.91230,0
2026-07-02 00:00:00+00:00,59999.6,62180.0,59555.0,61540.6,235950.072,2026-07-02 23:59:59.999000+00:00,14413324176.50460,4765923,117980.515,7207915843.88490,0
2026-07-03 00:00:00+00:00,61540.5,62957.2,61229.0,62565.5,132498.494,2026-07-03 23:59:59.999000+00:00,8221425342.59550,2834351,69537.350,4315798233.23230,0
2026-07-04 00:00:00+00:00,62565.5,63450.0,62302.6,63114.8,79649.524,2026-07-04 23:59:59.999000+00:00,5005363317.90370,1885110,41550.607,2611746611.29740,0
2026-07-05 00:00:00+00:00,63114.9,63990.7,62410.1,63617.1,92627.144,2026-07-05 23:59:59.999000+00:00,5838939676.60960,2089318,48171.283,3038344858.73490,0
2026-07-06 00:00:00+00:00,63617.2,64691.9,61297.0,64023.6,242793.799,2026-07-06 23:59:59.999000+00:00,15274506289.39180,5073937,121387.255,7640751354.78320,0
2026-07-07 00:00:00+00:00,64023.5,64298.1,62638.0,63335.4,177205.838,2026-07-07 23:59:59.999000+00:00,11244581262.09860,4096702,85874.588,5449626162.54480,0
2026-07-08 00:00:00+00:00,63335.4,63740.2,61520.0,62255.3,163095.725,2026-07-08 23:59:59.999000+00:00,10156440443.19930,3867222,79901.779,4975421632.25140,0
2026-07-09 00:00:00+00:00,62255.1,63484.9,61666.0,63197.0,150854.293,2026-07-09 23:59:59.999000+00:00,9464862498.70850,3623198,77168.763,4842964922.39490,0
2026-07-10 00:00:00+00:00,63197.1,64680.0,62897.0,64129.5,138788.057,2026-07-10 23:59:59.999000+00:00,8884001490.36160,2973359,73258.058,4690117437.06220,0
2026-07-11 00:00:00+00:00,64129.5,64497.4,63668.8,63783.0,53674.895,2026-07-11 23:59:59.999000+00:00,3443175595.13010,1277015,25273.968,1621779238.93190,0
2026-07-12 00:00:00+00:00,63783.1,64271.9,63602.8,63750.0,60091.946,2026-07-12 23:59:59.999000+00:00,3842437074.51870,1549044,29863.137,1909607943.18520,0
2026-07-13 00:00:00+00:00,63749.9,64411.8,61806.0,62307.0,195782.223,2026-07-13 23:59:59.999000+00:00,12292237296.24560,3928956,93638.752,5878702792.81200,0
2026-07-14 00:00:00+00:00,62307.0,65130.0,62240.9,65014.7,190875.183,2026-07-14 23:59:59.999000+00:00,12181241959.76100,3668512,99914.775,6378567095.86020,0
2026-07-15 00:00:00+00:00,65014.6,65589.7,64450.9,64721.4,132223.614,2026-07-15 23:59:59.999000+00:00,8592277953.36200,3001694,69017.401,4485966984.69060,0
2026-07-16 00:00:00+00:00,64721.4,64974.5,63712.6,63801.0,130469.462,2026-07-16 23:59:59.999000+00:00,8392177738.26780,2952021,63102.093,4059746106.40330,0
2026-07-17 00:00:00+00:00,63801.1,64356.7,62505.1,63909.9,165852.813,2026-07-17 23:59:59.999000+00:00,10503446852.18780,3536821,80999.235,5129558954.66600,0
2026-07-18 00:00:00+00:00,63909.9,64837.4,63859.6,64806.7,49226.738,2026-07-18 23:59:59.999000+00:00,3163687038.27650,1078072,26451.476,1699964478.35150,0
2026-07-19 00:00:00+00:00,64806.7,64948.8,64259.5,64694.7,62795.03,2026-07-19 23:59:59.999000+00:00,4055891561.12650,1450757,29941.877,1933948004.73550,0
2026-07-20 00:00:00+00:00,64694.8,65788.0,63736.1,65224.8,179506.147,2026-07-20 23:59:59.999000+00:00,11632181714.24290,3998559,94016.492,6094805087.88860,0
2026-07-21 00:00:00+00:00,65224.7,66924.1,65115.3,66522.4,138894.915,2026-07-21 23:59:59.999000+00:00,9194862592.71250,2926105,71866.783,4757783666.73870,0
2026-07-22 00:00:00+00:00,66522.3,66711.0,65505.0,66082.0,116810.615,2026-07-22 23:59:59.999000+00:00,7707124517.22370,2548708,59458.265,3923451413.93160,0
2026-07-23 00:00:00+00:00,66082.0,66284.1,64636.0,65069.6,124767.778,2026-07-23 23:59:59.999000+00:00,8138975806.31910,2557117,60173.408,3924731912.94000,0
2026-07-24 00:00:00+00:00,65069.6,65780.0,63666.0,64116.5,147537.472,2026-07-24 23:59:59.999000+00:00,9530027824.82390,2732802,72365.784,4674634101.34100,0
2026-07-25 00:00:00+00:00,64116.5,64417.1,63760.5,64338.1,46247.634,2026-07-25 23:59:59.999000+00:00,2965064790.40380,860616,21283.360,1364834459.50100,0
2026-07-26 00:00:00+00:00,64338.0,65555.0,64256.4,65375.1,65763.163,2026-07-26 23:59:59.999000+00:00,4260757162.04340,1305101,34020.143,2204475604.67760,0
2026-07-27 00:00:00+00:00,65375.2,65722.5,63567.0,63720.8,147831.733,2026-07-27 23:59:59.999000+00:00,9585011782.50780,3142344,70010.867,4541721296.93330,0
2026-07-28 00:00:00+00:00,63720.7,64084.5,62660.1,63903.6,144273.862,2026-07-28 23:59:59.999000+00:00,9155492233.05800,3031274,72733.525,4617089286.85680,0
2026-07-29 00:00:00+00:00,63903.6,64715.9,63234.0,63958.9,179976.299,2026-07-29 23:59:59.999000+00:00,11532338882.87310,4117256,90771.593,5815881945.58520,0
2026-07-30 00:00:00+00:00,63958.9,65157.0,63576.4,64750.0,112855.732,2026-07-30 23:59:59.999000+00:00,7285615069.23900,2430250,58513.207,3777408120.33580,0
2026-07-31 00:00:00+00:00,64750.0,65391.3,62410.5,62859.9,174964.935,2026-07-31 23:59:59.999000+00:00,11118195413.65680,3354622,87864.890,5584820653.20320,0
2026-08-01 00:00:00+00:00,62859.9,63126.6,62228.8,62792.3,54738.143,2026-08-01 23:59:59.999000+00:00,3435251324.17280,1084259,26052.710,1635229029.00870,0
2026-08-02 00:00:00+00:00,62792.3,63779.0,62782.3,63550.0,84040.407,2026-08-02 23:59:59.999000+00:00,5321527670.05290,1601195,42853.182,2713449246.25570,0
2026-08-03 00:00:00+00:00,63550.0,64058.8,62268.2,63497.2,151843.862,2026-08-03 23:59:59.999000+00:00,9601999380.34070,3059275,73781.443,4665984117.97360,0
2026-08-04 00:00:00+00:00,63497.1,64512.9,63290.2,64075.5,130025.3,2026-08-04 23:59:59.999000+00:00,8312596119.47570,2731792,67900.448,4340858922.09040,0
2026-08-05 00:00:00+00:00,64075.6,65022.0,63847.0,64633.9,145120.247,2026-08-05 23:59:59.999000+00:00,9345411514.19170,2629385,74933.313,4826653751.85480,0
2026-08-06 00:00:00+00:00,64634.0,64971.7,64111.0,64300.0,99304.784,2026-08-06 23:59:59.999000+00:00,6412456134.20910,1974235,49565.262,3200891016.13730,0
2026-08-07 00:00:00+00:00,64299.9,65358.0,64128.3,64885.4,124388.38,2026-08-07 23:59:59.999000+00:00,8062923719.96520,2397414,64857.541,4204709677.27840,0
2026-08-08 00:00:00+00:00,64885.5,65163.0,64784.3,64928.5,26438.302,2026-08-08 23:59:59.999000+00:00,1718341936.13190,560786,13826.382,898654774.10240,0
2026-08-09 00:00:00+00:00,64928.6,65482.7,64700.0,64867.8,47848.462,2026-08-09 23:59:59.999000+00:00,3111939060.72360,904924,24539.754,1596295621.68870,0
2026-08-10 00:00:00+00:00,64867.8,65373.6,63788.0,63939.3,128825.728,2026-08-10 23:59:59.999000+00:00,8314792239.08390,2286748,62618.726,4042274419.73710,0
2026-08-11 00:00:00+00:00,63939.3,64470.0,63211.6,63572.0,106023.646,2026-08-11 23:59:59.999000+00:00,6767717136.99690,1878765,50429.529,3219200727.45950,0
2026-08-12 00:00:00+00:00,63571.9,64450.0,63283.0,63454.7,114432.813,2026-08-12 23:59:59.999000+00:00,7296912639.60400,2120935,57621.825,3674577314.98380,0
2026-08-13 00:00:00+00:00,63454.6,63990.7,62800.0,63456.7,122666.092,2026-08-13 23:59:59.999000+00:00,7789208113.28870,2091944,60625.563,3850183938.67230,0
2026-08-14 00:00:00+00:00,63456.7,63595.1,62484.2,63015.0,105347.757,2026-08-14 23:59:59.999000+00:00,6629197390.35010,1957954,50641.802,3187071275.17190,0
2026-08-15 00:00:00+00:00,63014.9,63170.0,62890.2,63053.9,25131.185,2026-08-15 23:59:59.999000+00:00,1584147765.81650,549548,12412.130,782428677.66070,0
2026-08-16 00:00:00+00:00,63053.9,63370.0,62681.1,62876.0,39928.075,2026-08-16 23:59:59.999000+00:00,2516783709.76950,756956,20112.241,1267979448.10540,0
2026-08-17 00:00:00+00:00,62876.0,64600.8,62723.9,64504.1,138249.331,2026-08-17 23:59:59.999000+00:00,8818500412.46210,2236208,74123.207,4728362891.73550,0
2026-08-18 00:00:00+00:00,64504.1,65057.9,63979.2,64694.0,97513.888,2026-08-18 23:59:59.999000+00:00,6285075890.83120,1636466,49380.650,3183039584.41430,0
2026-08-19 00:00:00+00:00,64694.1,70450.0,64131.3,69310.0,326496.482,2026-08-19 23:59:59.999000+00:00,21955019535.95970,5388815,179584.584,12078315167.95160,0
2026-08-20 00:00:00+00:00,69310.1,73399.7,68882.1,72998.7,289461.823,2026-08-20 23:59:59.999000+00:00,20683034859.67250,6661451,153167.184,10941720232.32630,0
2026-08-21 00:00:00+00:00,72998.8,79555.5,72992.4,78309.1,450262.072,2026-08-21 23:59:59.999000+00:00,34557712020.46690,10546515,230943.406,17718766703.04960,0
2026-08-22 00:00:00+00:00,78309.1,78831.8,76510.0,77084.5,128937.444,2026-08-22 23:59:59.999000+00:00,9984280977.95000,3803207,63015.955,4880353943.43090,0
2026-08-23 00:00:00+00:00,77084.5,78057.6,75588.0,77719.1,131081.334,2026-08-23 23:59:59.999000+00:00,10079189363.44790,3238550,64907.676,4994025648.24980,0
2026-08-24 00:00:00+00:00,77719.0,79974.8,76649.0,78953.0,232502.35,2026-08-24 23:59:59.999000+00:00,18239977752.80470,5914733,115647.594,9074507570.63620,0
2026-08-25 00:00:00+00:00,78952.9,81270.5,77808.1,78505.4,239701.56,2026-08-25 23:59:59.999000+00:00,19059809092.55100,5743532,119255.351,9486464676.03970,0
2026-08-26 00:00:00+00:00,78505.5,79200.0,77600.0,78989.4,134364.36,2026-08-26 23:59:59.999000+00:00,10545240245.39020,3532420,67357.052,5286924230.03720,0
2026-08-27 00:00:00+00:00,78989.4,80845.1,78522.1,80208.9,165462.463,2026-08-27 23:59:59.999000+00:00,13198367933.72740,3801694,83011.727,6621602544.84440,0
2026-08-28 00:00:00+00:00,80208.9,81500.0,76853.1,77805.9,222422.106,2026-08-28 23:59:59.999000+00:00,17556593691.14230,4680910,107348.137,8474938071.95890,0
