candidate_index,candidate_id,evaluation_time,side,v1_input_hash,v1_decision,v1_confidence,v1_reason_codes,v1_summary,v2_input_hash,v2_decision,v2_confidence,v2_reason_codes,v2_summary,setup_transition,confirmation_transition,prompt_version,schema_version,transition
8,3b9dea02325506e887aa2edd4ed9978bb28d31b8430d030e7ac2979ed3afcc1e,2025-10-09T13:00:00+00:00,LONG,c7df34f77fd12a2dc4ae44538d32ffe6a24d06dd0dab6d6bc5aec18ef3e4f28d,REJECT,0.82,"[""CONFIRMATION_1H_EMA10_BELOW_EMA55"", ""CONFIRMATION_1H_ADX_BELOW_20"", ""CONFIRMATION_1H_SQZMOM_NEGATIVE"", ""SETUP_4H_MINUS_DI_ABOVE_PLUS_DI"", ""SETUP_4H_SQZMOM_NEGATIVE""]","Despite bullish daily trend context, the 1h confirmation is weak and mixed, with EMA10 below EMA55, ADX below 20, and negative squeeze momentum. The 4h directional and momentum readings are also not aligned for a long entry.",34e1aec12d3b4b72f31c751d14b369031d7d64fba68366ef77ea24940c5aa430,APPROVE,0.86,"[""TREND_ALIGNED"", ""SETUP_CONFIRMED"", ""CONFIRMATION_STRONG"", ""DMI_ALIGNED"", ""ADX_STRONG"", ""EMA_ALIGNED"", ""MOMENTUM_REVERSAL_CLEAR""]","The deterministic LONG setup and 1H LONG confirmation are both present, with recovering negative momentum on both timeframes. The daily trend, 1H DMI, and EMA context support the LONG direction.",dark_red -> light_red,dark_red -> light_red,strategy2-entry-v2,1.1.0,REJECT_TO_APPROVE
9,992f909029ea6e0a4275b864e5b6deabb96f8ef44e02c4d0c455a0978be90454,2025-10-10T07:00:00+00:00,LONG,dc6c56bc7f34062c1a288d5aa08871b91847c719e0ddd6139b49851ad97a55e8,REJECT,0.87,"[""CONFIRMATION_1H_BEARISH_EMA_ALIGNMENT"", ""CONFIRMATION_1H_MINUS_DI_EXCEEDS_PLUS_DI"", ""NEGATIVE_SQZMOM_ON_1H_AND_4H"", ""SETUP_4H_WEAK_DIRECTIONAL_CONFIRMATION""]","LONG is not supported by the 1h confirmation: close is below EMA10 and EMA55, minus DI exceeds plus DI, and squeeze momentum is negative. The 4h squeeze momentum is also negative with nearly neutral directional indices.",e5767bb82093ce2a28eef5176569aec29e616576bc57fb99f12f9bba20eea45b,APPROVE,0.78,"[""TREND_ALIGNED"", ""SETUP_CONFIRMED"", ""CONFIRMATION_STRONG"", ""DMI_CONFLICT"", ""EMA_CONFLICT"", ""MOMENTUM_REVERSAL_CLEAR""]","The deterministic LONG setup and 1H confirmation are both present with explicit dark_red-to-light_red recovery transitions, while the 1D trend remains bullish. Lower-timeframe DMI and EMA readings conflict, but do not negate the supplied reversal confirmation.",dark_red -> light_red,dark_red -> light_red,strategy2-entry-v2,1.1.0,REJECT_TO_APPROVE
11,19d3836839243b21eb6229635b34bdb425b6f4e2552328c01124b28a75c1ce12,2025-10-21T23:00:00+00:00,SHORT,ec184e0cf0b28f4a293d2bd1e1c9159b26a8101d8ffffdc13a8798060bcb4c49,REJECT,0.78,"[""MULTI_TIMEFRAME_CONFLICT"", ""SETUP_4H_BULLISH_DI"", ""SETUP_4H_CLOSE_ABOVE_EMA55"", ""CONFIRMATION_1H_MIXED_MOMENTUM""]","Daily and 1h directional readings support a short bias, but the 4h setup remains bullish by DI and closes above its EMA55, creating material multi-timeframe conflict.",db2402da303f943a0f13904ec9b74af9311680decb37ef99445337c3bf2f6ade,APPROVE,0.86,"[""TREND_ALIGNED"", ""SETUP_CONFIRMED"", ""CONFIRMATION_STRONG"", ""DMI_ALIGNED"", ""ADX_STRONG"", ""EMA_ALIGNED"", ""MOMENTUM_REVERSAL_CLEAR""]","The SHORT candidate is aligned with the bearish 1D trend, while both the 4H setup and 1H confirmation explicitly indicate a SHORT pullback reversal through weakening positive momentum. The 1H DMI, ADX, and EMA positioning support bearish continuation.",dark_green -> light_green,dark_green -> light_green,strategy2-entry-v2,1.1.0,REJECT_TO_APPROVE
15,2be5d3774cdfcd8f5d57fc0fbe08e9ad5442a37ed7a2a8a1aaba54e7acf6174b,2025-11-05T22:00:00+00:00,SHORT,5e4596c376ecbd0686832cd17faf09ce7c2a2962869823f1092ac94f0a928ab4,REJECT,0.7,"[""1H_DIRECTIONAL_CONFLICT"", ""1H_POSITIVE_MOMENTUM""]","The 4H and 1D context are bearish, but the 1H confirmation has +DI above -DI and strongly positive squeeze momentum, creating near-term directional conflict for a SHORT entry.",354e9d4dd9295dfbc0e46cfbf5505da2cbd7f3b2a6bb76519012e3a33c2482e3,APPROVE,0.86,"[""TREND_ALIGNED"", ""SETUP_CONFIRMED"", ""CONFIRMATION_STRONG"", ""DMI_ALIGNED"", ""ADX_STRONG"", ""EMA_ALIGNED"", ""MOMENTUM_REVERSAL_CLEAR""]","The deterministic SHORT setup and 1H SHORT confirmation are aligned with the bearish 1D and 4H trend context. Both supplied strategy transitions indicate weakening positive momentum for the defined SHORT pullback reversal, with strong 4H trend strength and bearish EMA/DMI alignment.",dark_green -> light_green,dark_green -> light_green,strategy2-entry-v2,1.1.0,REJECT_TO_APPROVE
18,3fbd5171d6941ba050332e8534c5c32cf36e6ec0ae11709a089a58882885b893,2025-11-26T10:00:00+00:00,SHORT,1ed3548810303bad1d5d3c866d07ba8e3c282c2309ca0cb437c6cb7e2180e319,REJECT,0.7,"[""AMBIGUOUS_MULTI_TIMEFRAME_ALIGNMENT"", ""WEAK_1H_ADX"", ""POSITIVE_4H_SQZMOMENTUM""]","Daily conditions favor SHORT, but 1h trend strength is weak and 4h momentum is positive, creating ambiguous entry alignment.",3dead6370876f3efb0d48906bdb5da644c62e1656a90826e58d016b7a20d5b37,APPROVE,0.86,"[""TREND_ALIGNED"", ""SETUP_CONFIRMED"", ""CONFIRMATION_STRONG"", ""DMI_ALIGNED"", ""ADX_STRONG"", ""EMA_ALIGNED"", ""MOMENTUM_REVERSAL_CLEAR""]","The deterministic SHORT setup and 1H SHORT confirmation are aligned with the bearish 1D trend, bearish 1H DMI/EMA structure, and documented weakening positive momentum reversal transitions on both 4H and 1H.",dark_green -> light_green,dark_green -> light_green,strategy2-entry-v2,1.1.0,REJECT_TO_APPROVE
20,fc78c9f04863d648bafd8d52c58c03ffb65c3fd363f2a469274c288d913ffd9a,2025-12-06T18:00:00+00:00,SHORT,a4a72afdd2637a015a3f7c54cb59e08b91d517ec6368b4e222509d2c835b5ed2,REJECT,0.86,"[""CONFIRMATION_1H_MOMENTUM_CONFLICTS_WITH_SHORT"", ""MULTI_TIMEFRAME_TREND_ALIGNMENT_AMBIGUOUS""]","The 4h and 1d context is bearish, but the confirmation 1h candle has positive squeeze momentum and price is slightly above its EMA-10, creating conflicting near-term confirmation for the supplied SHORT candidate.",c8ad74021025ea401656e47baa9700cc3ede05fb40b573778aeb6004957fe01a,APPROVE,0.9,"[""TREND_ALIGNED"", ""SETUP_CONFIRMED"", ""CONFIRMATION_STRONG"", ""DMI_ALIGNED"", ""ADX_STRONG"", ""EMA_ALIGNED"", ""MOMENTUM_REVERSAL_CLEAR""]","The supplied 4H SHORT setup and 1H SHORT confirmation are both present with weakening positive momentum, while daily and intraday trend, DMI, ADX, and EMA context align bearish.",dark_green -> light_green,dark_green -> light_green,strategy2-entry-v2,1.1.0,REJECT_TO_APPROVE
25,5343d41d195c987aabde6a4cc0dca7fc634719ed6518848188e6d71f3adcdbfd,2025-12-24T03:00:00+00:00,SHORT,c1f5d9588da8ae0a8e79e7da708cfb683491f49e4713c3e87233f758105e6e70,REJECT,0.7,"[""MIXED_MOMENTUM"", ""WEAK_4H_TREND""]","Although EMA alignment and DI favor a bearish bias across timeframes, 1h squeeze momentum is positive and 4h ADX is weak with nearly balanced directional indicators, making the short entry ambiguous.",4e4acea9e51d09662a968892da2945dcde5fb20e09b41f648ce1e4d98fd4bab5,APPROVE,0.88,"[""TREND_ALIGNED"", ""SETUP_CONFIRMED"", ""CONFIRMATION_STRONG"", ""DMI_ALIGNED"", ""ADX_STRONG"", ""EMA_ALIGNED"", ""MOMENTUM_REVERSAL_CLEAR""]","The supplied 4H SHORT setup and 1H SHORT confirmation are aligned. Both timeframes show the specified positive-momentum weakening transition, while 1H DMI, ADX, and EMA structure support downside continuation.",dark_green -> light_green,dark_green -> light_green,strategy2-entry-v2,1.1.0,REJECT_TO_APPROVE
32,1f413f7ff4d132150a8e83e1dc4a8f8ddf2e8b92a7c094d89642a9cf3a4a1552,2026-01-18T10:00:00+00:00,LONG,9a17aadd5ca7e9f8733f5e7c51b7479b22b8de8f3f149077d0b030d338cb6407,REJECT,0.82,"[""CONFIRMATION_1H_BEARISH_ALIGNMENT"", ""NEGATIVE_SQZMOM_1H"", ""NEGATIVE_SQZMOM_4H"", ""MULTI_TIMEFRAME_CONFLICT""]","Daily trend is bullish, but the 1h confirmation is bearish by EMA and DI alignment with negative momentum; 4h momentum is also negative. The long entry evidence is conflicting.",0532488e873e18c1ac69748e4f260c3f4defcb0815739bf9c87d817d95301f24,APPROVE,0.76,"[""TREND_ALIGNED"", ""SETUP_CONFIRMED"", ""CONFIRMATION_STRONG"", ""DMI_ALIGNED"", ""EMA_ALIGNED"", ""MOMENTUM_REVERSAL_CLEAR""]","The 1D trend is bullish, while the detected 4H setup and 1H confirmation both show the specified dark-red to light-red LONG reversal transition, with negative momentum recovering toward zero.",dark_red -> light_red,dark_red -> light_red,strategy2-entry-v2,1.1.0,REJECT_TO_APPROVE
35,aa6a04e12c9c166bb314d7433a7524ec2fd498cb1f2153fc581e34ee3511969e,2026-01-26T17:00:00+00:00,SHORT,4d58a15917e9523537c92de3b9841a78fb0dfaac98a788040d5923badba5d275,REJECT,0.84,"[""CONFIRMATION_1H_BULLISH_DI"", ""CONFIRMATION_1H_POSITIVE_SQZMOM"", ""MULTI_TIMEFRAME_CONFLICT""]","The SHORT candidate conflicts with the 1h confirmation context: plus_DI exceeds minus_DI and sqzmom is positive, despite bearish 4h and 1d context.",22bd724a7249cec2f0a370a522ac84e652de6759b692eef5688f2926018d5316,APPROVE,0.84,"[""TREND_ALIGNED"", ""SETUP_CONFIRMED"", ""CONFIRMATION_STRONG"", ""DMI_ALIGNED"", ""DMI_CONFLICT"", ""ADX_STRONG"", ""EMA_ALIGNED"", ""MOMENTUM_REVERSAL_CLEAR""]","The deterministic SHORT setup and 1H confirmation are both present. Higher-timeframe trend, 4H directional structure, and EMA alignment support the SHORT, while the 1H DMI reading is a counter-signal but does not negate the supplied confirmation semantics.",dark_green -> light_green,dark_green -> light_green,strategy2-entry-v2,1.1.0,REJECT_TO_APPROVE
37,27cafba44965871e8140a880bd8995a0c745c6558d87ec5b7e67dcfd75d6c4b5,2026-02-10T05:00:00+00:00,SHORT,d2e38180b1b2c2a582efeddadb02c26976de40b0e658d066647169e3bc168bac,REJECT,0.72,"[""AMBIGUOUS_1H_CONFIRMATION"", ""WEAK_1H_TREND_STRENGTH""]","Higher timeframes are bearish, but the 1h confirmation has weak ADX and positive squeeze momentum, making immediate short entry confirmation ambiguous.",8e1eb97c5bae77a0baf911affbc6487b391315e187772ec6ad751578d2f8d4d2,APPROVE,0.86,"[""TREND_ALIGNED"", ""SETUP_CONFIRMED"", ""CONFIRMATION_STRONG"", ""DMI_ALIGNED"", ""ADX_STRONG"", ""EMA_ALIGNED"", ""MOMENTUM_REVERSAL_CLEAR""]","The deterministic SHORT setup and 1H confirmation are aligned with the strongly bearish daily trend, bearish EMA and DMI positioning, and clearly defined weakening-positive-momentum reversal transitions on both 4H and 1H.",dark_green -> light_green,dark_green -> light_green,strategy2-entry-v2,1.1.0,REJECT_TO_APPROVE
38,a54b1fc0256204960bc83e4ae015edbdb9253b22f1db8bd70a23af466e99a1f6,2026-02-16T15:00:00+00:00,SHORT,9280db266f11b60d45aff68d6d32e393ba7680507a46733e4deecb5a158a8226,REJECT,0.78,"[""HIGHER_TIMEFRAME_CONFLICT"", ""WEAK_4H_TREND"", ""1H_DIRECTIONAL_CONFIRMATION_INSUFFICIENT""]","Daily context is bearish, but the 4h setup has weak ADX and +DI exceeds -DI, while 1h directional separation is minimal. The short entry evidence is not sufficiently aligned.",fffaea9d2e3030b8668f0a0c2499b239a0c05fe134b8e8bc37c8b7ad31a739be,APPROVE,0.78,"[""TREND_ALIGNED"", ""SETUP_CONFIRMED"", ""CONFIRMATION_STRONG"", ""DMI_ALIGNED"", ""EMA_ALIGNED"", ""MOMENTUM_REVERSAL_CLEAR""]","Daily trend is bearish, while the detected 4H SHORT setup and 1H SHORT confirmation both show the specified positive-momentum weakening reversal transition. EMA alignment supports SHORT, and 1H DMI modestly favors downside.",dark_green -> light_green,dark_green -> light_green,strategy2-entry-v2,1.1.0,REJECT_TO_APPROVE
39,f285591b78412e741cb1ab19b18e684c187c9957a7ec6d89e05ca55c459b8d8a,2026-02-25T06:00:00+00:00,SHORT,69d44efcaea1039484e322c66e779b1ffb3d35b7098e66830c9384e3839e085b,REJECT,0.72,"[""SHORT_TERM_DIRECTIONAL_CONFLICT"", ""1H_DI_NEUTRAL"", ""1H_SQZMOM_POSITIVE""]","Daily and 4h structure are bearish, but the 1h confirmation is ambiguous: plus DI marginally exceeds minus DI and squeeze momentum is positive. Reject the short entry due to conflicting short-term confirmation.",9e7a4d6a57af0884ced2408ad90cead7dd4eaf23b23b36d763f828330c35b6de,APPROVE,0.78,"[""TREND_ALIGNED"", ""SETUP_CONFIRMED"", ""CONFIRMATION_STRONG"", ""DMI_ALIGNED"", ""ADX_STRONG"", ""EMA_ALIGNED"", ""MOMENTUM_REVERSAL_CLEAR""]","The deterministic SHORT setup and 1H confirmation are aligned with the strong bearish 1D trend. Both specified SQZMOM transitions indicate weakening positive momentum for the documented SHORT pullback reversal, while the 4H and 1H EMA structure supports downside continuation.",dark_green -> light_green,dark_green -> light_green,strategy2-entry-v2,1.1.0,REJECT_TO_APPROVE
41,91769c05b233152886499aed05f45252452e1bb70f7f490e429fe68fef9393df,2026-03-04T05:00:00+00:00,SHORT,2d7d8c9a6d2eb03ed44bc27808fcf4d9bf889a5a6fa3914b0b4588aad0454dea,REJECT,0.88,"[""LOW_1H_ADX"", ""LOW_4H_ADX"", ""1H_PLUS_DI_EXCEEDS_MINUS_DI"", ""4H_PLUS_DI_EXCEEDS_MINUS_DI"", ""POSITIVE_1H_SQZMOM"", ""POSITIVE_4H_SQZMOM""]","The daily context is bearish, but both 1h and 4h trend strength is weak and their directional/momentum readings do not confirm a SHORT entry.",f4d61cf2d29b9f5ab9b86b4cb9b84186a43796a55e9146b311e3e3372d351fda,APPROVE,0.78,"[""TREND_ALIGNED"", ""SETUP_CONFIRMED"", ""CONFIRMATION_STRONG"", ""DMI_CONFLICT"", ""ADX_WEAK"", ""EMA_CONFLICT"", ""MOMENTUM_REVERSAL_CLEAR""]","The SHORT setup and 1H confirmation are both explicitly detected as weakening positive momentum reversal signals, aligned with the strong bearish 1D trend. Lower-timeframe DMI and EMA readings conflict, and 1H ADX is weak, but they do not negate the supplied confirmed setup.",dark_green -> light_green,dark_green -> light_green,strategy2-entry-v2,1.1.0,REJECT_TO_APPROVE
48,3c466865346111a2a34e100c73dfff7a75dd748e1e90d3ea310ec10521ba654b,2026-04-03T05:00:00+00:00,SHORT,7ca7f52ca19401f8acdb9e5ed5204e541b1c45b13ace564cf74730c750252543,REJECT,0.78,"[""AMBIGUOUS_CONFIRMATION"", ""WEAK_1H_TREND_ADX""]","Higher timeframes are bearish, but 1h ADX is weak and 1h squeeze momentum is positive, creating ambiguous short-entry confirmation.",f2d324197c826008e5d9a1f18a0de36f10d0ffe27dbd4be665c073a6aa9be5ff,APPROVE,0.84,"[""TREND_ALIGNED"", ""SETUP_CONFIRMED"", ""CONFIRMATION_STRONG"", ""DMI_ALIGNED"", ""EMA_ALIGNED"", ""MOMENTUM_REVERSAL_CLEAR""]","The deterministic SHORT setup and 1H SHORT confirmation are aligned. Higher-timeframe trend, EMA positioning, and DMI all support downside, while the specified momentum transitions confirm weakening positive momentum for the SHORT pullback reversal.",dark_green -> light_green,dark_green -> light_green,strategy2-entry-v2,1.1.0,REJECT_TO_APPROVE
52,c0f5737e3327175651bfdba406d59b7c800acaf3c5b1606a79b020e26f836594,2026-04-13T09:00:00+00:00,SHORT,f52bc2a47a5770ceb70a4a15e224fa9552f89ca2bd489da63c984e08bfd2fab8,REJECT,0.78,"[""MULTI_TIMEFRAME_CONFLICT"", ""DAILY_TREND_WEAK"", ""SETUP_4H_DIRECTION_AMBIGUOUS""]","The 1h confirmation is bearish, but the 4h setup is mixed and the daily trend has low ADX with plus DI above minus DI. The multi-timeframe evidence is not sufficiently aligned for a SHORT entry.",b385f392227ef27129df6726112b7285fd9aae0a49fe3951781ab453671a45b4,APPROVE,0.9,"[""TREND_ALIGNED"", ""SETUP_CONFIRMED"", ""CONFIRMATION_STRONG"", ""DMI_ALIGNED"", ""ADX_STRONG"", ""EMA_ALIGNED"", ""MOMENTUM_REVERSAL_CLEAR""]","The supplied 4H SHORT setup and 1H SHORT pullback-reversal confirmation align. Both timeframes show weakening positive momentum, while 1H DMI, ADX, and EMA structure support the SHORT candidate.",dark_green -> light_green,dark_green -> light_green,strategy2-entry-v2,1.1.0,REJECT_TO_APPROVE
53,ec90dd817fb8de7bccdc2ed080b1b02c2fa93c9695255b4c766ac17b8d435527,2026-04-22T00:00:00+00:00,LONG,f41dbf7b5d339ac191c1d3b4a9f6a9d13a2b9fe4bedc336a36a6c7e5f26a2114,REJECT,0.78,"[""WEAK_ADX_1H"", ""WEAK_ADX_4H"", ""WEAK_ADX_1D"", ""NEGATIVE_SQZMOM_1H"", ""MIXED_MOMENTUM""]","Trend alignment is broadly bullish, but ADX is weak across all supplied timeframes and 1h squeeze momentum is negative, leaving the long confirmation ambiguous.",dbcf24d0fbaf068f78425d9d398cea966ad253e8afc5f343fc3e2eb84e765406,APPROVE,0.82,"[""TREND_ALIGNED"", ""SETUP_CONFIRMED"", ""CONFIRMATION_STRONG"", ""DMI_ALIGNED"", ""ADX_WEAK"", ""EMA_ALIGNED"", ""MOMENTUM_REVERSAL_CLEAR""]","The deterministic LONG setup and 1H confirmation are aligned with the bullish daily and 4H EMA/DMI context. Both stated SQZMOM transitions show recovering negative momentum consistent with the supplied LONG reversal semantics, though ADX remains weak.",dark_red -> light_red,dark_red -> light_red,strategy2-entry-v2,1.1.0,REJECT_TO_APPROVE
54,0a25dfeb366cf8d4c6b320a4624310cde916fac7f28322ff697f959f38b68f38,2026-04-26T05:00:00+00:00,LONG,afc9449110bf5366f76f7bfabaa1de1a07211d609bccf89b18d365b07a607e02,REJECT,0.82,"[""WEAK_1H_TREND"", ""BEARISH_1H_EMA_ALIGNMENT"", ""NEGATIVE_1H_SQZMOM"", ""WEAK_4H_TREND"", ""NEGATIVE_4H_SQZMOM""]","Higher-timeframe daily conditions are bullish, but the 1h confirmation trend is weak with EMA10 below EMA55 and negative squeeze momentum. The 4h trend is also weak with negative squeeze momentum, making the long entry ambiguous.",a4a6e09c87ef0f1157eb9a339866992d618806e7bf39fa2bff663dea67bf53e1,APPROVE,0.78,"[""TREND_ALIGNED"", ""SETUP_CONFIRMED"", ""CONFIRMATION_STRONG"", ""DMI_ALIGNED"", ""ADX_WEAK"", ""EMA_CONFLICT"", ""MOMENTUM_REVERSAL_CLEAR""]","The detected 4H and 1H LONG pullback reversals are aligned with the 1D bullish trend and positive directional bias. Both SQZMOM transitions show recovering negative momentum, while low 4H/1H ADX and mixed EMA alignment temper confidence.",dark_red -> light_red,dark_red -> light_red,strategy2-entry-v2,1.1.0,REJECT_TO_APPROVE
56,f8b90bf1bcfaf36f7ca8fff3e1dbd68372708ede6d1199c529a76c1045838851,2026-05-02T14:00:00+00:00,LONG,47f9c911d7e3f31f836e6eadecfb50d9a7b8337191c71d9214401a314b99c36a,REJECT,0.74,"[""CONFLICTING_1H_MOMENTUM""]","Higher-timeframe trend inputs favor LONG, but 1h SQZMOM is negative at confirmation, creating conflicting entry momentum. Reject under ambiguity preference.",1acd365e5f0da1e86c4908d457e09cd363e030e3bd8190d9e42866937c1dcf75,APPROVE,0.9,"[""TREND_ALIGNED"", ""SETUP_CONFIRMED"", ""CONFIRMATION_STRONG"", ""DMI_ALIGNED"", ""ADX_STRONG"", ""EMA_ALIGNED"", ""MOMENTUM_REVERSAL_CLEAR""]","The 4H LONG pullback-reversal setup and 1H LONG confirmation are both explicitly present. Daily, 4H, and 1H trend structure is bullish, with price above the cited EMAs and +DI above -DI; 1H ADX supports directional strength.",dark_red -> light_red,dark_red -> light_red,strategy2-entry-v2,1.1.0,REJECT_TO_APPROVE
57,cd19e760a9660f57555c0154790a9afbf6976852e05e8c7b5f45fdaab492ce46,2026-05-11T13:00:00+00:00,LONG,7b9cd8152fa3841b53be1844bceeafee948b5d9cd6f1c4fc5144afb0acc9f9f3,REJECT,0.78,"[""WEAK_1H_ADX"", ""NEGATIVE_1H_SQZMOM"", ""BEARISH_1H_CONFIRMATION_CANDLE""]","Higher timeframes are bullish, but the 1h confirmation is weak and mixed: ADX is low, squeeze momentum is negative, and the confirmation candle closed below its open.",91f02db325a43f55159a7d733b636920916e5b5eafd3ae32ab1ffdbf08fe2eea,APPROVE,0.86,"[""TREND_ALIGNED"", ""SETUP_CONFIRMED"", ""CONFIRMATION_STRONG"", ""DMI_ALIGNED"", ""ADX_STRONG"", ""EMA_ALIGNED"", ""MOMENTUM_REVERSAL_CLEAR""]","The LONG setup and 1H confirmation are explicitly aligned with a recovering-negative-momentum reversal. Daily and 4H trend context, DMI, and EMA structure support the candidate direction.",dark_red -> light_red,dark_red -> light_red,strategy2-entry-v2,1.1.0,REJECT_TO_APPROVE
71,b2b050e947d508d35c1fb1576de273a5897b1d2c0e60489fbcb36e25f62f18a2,2026-07-09T12:00:00+00:00,SHORT,0f1344ff2e1ea2ba8ea0b0aba629d84b428a498672482d533d9bc275feb80a15,REJECT,0.78,"[""CONFIRMATION_1H_BULLISH_CONTRADICTION"", ""MULTI_TIMEFRAME_SIGNAL_CONFLICT"", ""SETUP_4H_WEAK_TREND""]","SHORT aligns with the daily bearish trend, but the 1h confirmation is bullish (plus_DI exceeds minus_DI, positive sqzmom, and close above both EMAs). The 4h trend is also weak and near-neutral, making entry evidence conflicted.",e4e5a940f2a6c6e2e29ceec4d0653203f8f37fddb68b1ab3b213339c01bcf75b,APPROVE,0.68,"[""TREND_ALIGNED"", ""SETUP_CONFIRMED"", ""CONFIRMATION_STRONG"", ""ADX_STRONG"", ""DMI_CONFLICT"", ""EMA_CONFLICT"", ""MOMENTUM_REVERSAL_CLEAR""]","The detected 4H SHORT setup and 1H SHORT confirmation are both explicitly confirmed by weakening positive momentum. The 1D trend supports SHORT, though 1H directional and EMA readings remain conflicting.",dark_green -> light_green,dark_green -> light_green,strategy2-entry-v2,1.1.0,REJECT_TO_APPROVE
72,e28d16e3dcf1cb647987f360e807c24c7b5633f337d9e04814798b8de7fc3722,2026-07-12T23:00:00+00:00,SHORT,67628fe7d83d647ef51b5502dff8f9fb43ce56f8576ab0371f3ed4f189819bcb,REJECT,0.84,"[""WEAK_1H_TREND"", ""WEAK_4H_TREND"", ""MULTI_TIMEFRAME_CONFLICT""]","The SHORT has 1h bearish directional readings, but 1h and 4h ADX are weak and the 4h context remains positive versus its EMAs with positive momentum. The timeframe evidence is conflicting.",19eb1d5e61eddd08a5035f74f193bbefa51135fd78481e6eed197e160229042f,APPROVE,0.71,"[""TREND_ALIGNED"", ""SETUP_CONFIRMED"", ""CONFIRMATION_STRONG"", ""DMI_ALIGNED"", ""ADX_WEAK"", ""EMA_CONFLICT""]","The supplied 4H SHORT setup and 1H SHORT confirmation are both confirmed by the specified dark_green-to-light_green weakening-momentum transitions. DMI favors downside on 1H and daily trend structure is bearish, though low ADX and conflicting 4H EMA structure reduce confidence.",dark_green -> light_green,dark_green -> light_green,strategy2-entry-v2,1.1.0,REJECT_TO_APPROVE
74,595fd0d574f220f0a91a3162127e47d0f910c190512ccc54812176e70bc0b678,2026-07-21T03:00:00+00:00,SHORT,b11b2eab3be3406530f0f44fcb28111092c051c3513dc25e93db2fbaf93437ff,REJECT,0.93,"[""1H_BULLISH_DIRECTIONAL_STRENGTH"", ""4H_BULLISH_DIRECTIONAL_STRENGTH"", ""PRICE_ABOVE_SHORT_AND_LONG_EMAS_ON_1H_4H"", ""POSITIVE_SQZMOM_ON_1H_4H""]",The SHORT candidate conflicts with bullish 1H and 4H directional and momentum context; rejection is preferred.,05ae520fd443992e1f33849af7d8ba6676822400a73d2232f4e590be98a06ba1,APPROVE,0.78,"[""TREND_ALIGNED"", ""SETUP_CONFIRMED"", ""CONFIRMATION_STRONG"", ""DMI_CONFLICT"", ""ADX_STRONG"", ""EMA_CONFLICT"", ""MOMENTUM_REVERSAL_CLEAR""]","The supplied 4H SHORT setup and 1H SHORT confirmation are both present, with positive momentum weakening on both timeframes. Daily EMA and DMI context supports the short bias, while lower-timeframe DMI and EMA remain conflicted.",dark_green -> light_green,dark_green -> light_green,strategy2-entry-v2,1.1.0,REJECT_TO_APPROVE
76,9b9970a38d8259586929b4e5b337ecfbb5b6170257471fb5fff2811f56bd92fd,2026-07-29T05:00:00+00:00,SHORT,4b578c161fd057c43c41f0bbae13214415289009e3511d600e529c9725ab9cd6,REJECT,0.78,"[""CONFIRMATION_1H_MOMENTUM_POSITIVE"", ""CONFIRMATION_1H_PRICE_ABOVE_EMA10"", ""MULTI_TIMEFRAME_SIGNAL_CONFLICT""]","The 4h and 1d context is bearish, but the 1h confirmation shows positive squeeze momentum and price above the 1h EMA10, creating conflicting near-term evidence for a SHORT entry.",c55f9ab57d0fbdd9e2c5d0c987ed7a7c45158b89015466a2971312542a9697f4,APPROVE,0.86,"[""TREND_ALIGNED"", ""SETUP_CONFIRMED"", ""CONFIRMATION_STRONG"", ""DMI_ALIGNED"", ""ADX_STRONG"", ""EMA_ALIGNED"", ""MOMENTUM_REVERSAL_CLEAR""]","The supplied 4H SHORT setup and 1H SHORT confirmation are aligned. Higher-timeframe trend, EMA structure, and DMI favor SHORT, while both specified momentum transitions show weakening positive momentum consistent with the declared pullback reversal setup.",dark_green -> light_green,dark_green -> light_green,strategy2-entry-v2,1.1.0,REJECT_TO_APPROVE
77,6bdc5644e5c5e7435fdad084df83d4f2468e7963c405ac26b6be48ff95a03289,2026-08-01T16:00:00+00:00,SHORT,d509e80546d3ac0fa64d23f2f89baef1bd773d6ec9b5e81ff07a45ce6e910753,REJECT,0.8,"[""WEAK_1H_ADX"", ""CONFLICTING_1H_SQZMOM""]",The 1h confirmation trend strength is weak (ADX 12.66) and its positive squeeze momentum conflicts with the short direction.,877ee2dc6d6f627444f7db1b08a42a749d8b1f7891efbaad286503e38b39b6a5,APPROVE,0.82,"[""TREND_ALIGNED"", ""SETUP_CONFIRMED"", ""CONFIRMATION_STRONG"", ""DMI_ALIGNED"", ""ADX_STRONG"", ""ADX_WEAK"", ""EMA_ALIGNED"", ""MOMENTUM_REVERSAL_CLEAR""]","The SHORT setup and 1H confirmation are directionally aligned. Higher-timeframe EMA and DMI structure support the short bias, while both supplied SQZMOM transitions explicitly indicate weakening positive momentum consistent with the strategy's SHORT pullback reversal semantics. The 1H ADX is weak, but the 4H trend strength is supportive.",dark_green -> light_green,dark_green -> light_green,strategy2-entry-v2,1.1.0,REJECT_TO_APPROVE
79,8305bd36a9b52e5e00a695844282a4b4d240a988a52950cf1c713253bbdc925e,2026-08-11T15:00:00+00:00,SHORT,5151a79eb8db86e0c71982abc3f0c2693f121d384b29b6588310d0506a380061,REJECT,0.78,"[""DAILY_ADX_WEAK"", ""TIMEFRAME_MOMENTUM_MIXED"", ""4H_TREND_STRENGTH_WEAK""]","SHORT directional readings are present on 1h and 4h, but daily ADX is weak and momentum is mixed across timeframes, making the entry ambiguous.",da89cd3c59e1abd096d70d57f3ec24cac9642caf7ebf6099d47fcdc581f65a4e,APPROVE,0.86,"[""TREND_ALIGNED"", ""SETUP_CONFIRMED"", ""CONFIRMATION_STRONG"", ""DMI_ALIGNED"", ""ADX_STRONG"", ""EMA_ALIGNED"", ""MOMENTUM_REVERSAL_CLEAR""]","The deterministic SHORT setup and 1H SHORT confirmation are aligned. Both 4H and 1H momentum transitions indicate weakening positive momentum, while price is below the relevant EMAs and -DI exceeds +DI on both timeframes.",dark_green -> light_green,dark_green -> light_green,strategy2-entry-v2,1.1.0,REJECT_TO_APPROVE
