group,feature,value,count,group_candidates,share
APPROVE,month,2026-06,4,8,0.5
APPROVE,month,2025-11,2,8,0.25
APPROVE,month,2026-01,1,8,0.125
APPROVE,month,2026-03,1,8,0.125
APPROVE,quarter,2026-Q2,4,8,0.5
APPROVE,quarter,2025-Q4,2,8,0.25
APPROVE,quarter,2026-Q1,2,8,0.25
APPROVE,hour_utc,16,2,8,0.25
APPROVE,hour_utc,11,1,8,0.125
APPROVE,hour_utc,3,1,8,0.125
APPROVE,hour_utc,19,1,8,0.125
APPROVE,hour_utc,22,1,8,0.125
APPROVE,hour_utc,10,1,8,0.125
APPROVE,hour_utc,14,1,8,0.125
APPROVE,weekday_utc,Wednesday,4,8,0.5
APPROVE,weekday_utc,Saturday,2,8,0.25
APPROVE,weekday_utc,Sunday,1,8,0.125
APPROVE,weekday_utc,Monday,1,8,0.125
APPROVE,d1_ema_direction,BEARISH,8,8,1.0
APPROVE,d1_dmi_direction,BEARISH,8,8,1.0
APPROVE,d1_dmi_aligned,True,8,8,1.0
APPROVE,h4_ema_direction,BEARISH,7,8,0.875
APPROVE,h4_ema_direction,BULLISH,1,8,0.125
APPROVE,h4_dmi_direction,BEARISH,8,8,1.0
APPROVE,h4_dmi_aligned,True,8,8,1.0
APPROVE,h1_ema_direction,BEARISH,8,8,1.0
APPROVE,h1_dmi_direction,BEARISH,8,8,1.0
APPROVE,h1_dmi_aligned,True,8,8,1.0
REJECT,month,2026-04,9,73,0.1232876712328767
REJECT,month,2025-10,8,73,0.1095890410958904
REJECT,month,2026-01,8,73,0.1095890410958904
REJECT,month,2025-12,8,73,0.1095890410958904
REJECT,month,2026-07,8,73,0.1095890410958904
REJECT,month,2025-09,6,73,0.0821917808219178
REJECT,month,2026-03,6,73,0.0821917808219178
REJECT,month,2026-08,5,73,0.0684931506849315
REJECT,month,2026-05,5,73,0.0684931506849315
REJECT,month,2026-06,4,73,0.0547945205479452
REJECT,month,2025-11,3,73,0.0410958904109589
REJECT,month,2026-02,3,73,0.0410958904109589
REJECT,quarter,2025-Q4,19,73,0.2602739726027397
REJECT,quarter,2026-Q2,18,73,0.2465753424657534
REJECT,quarter,2026-Q1,17,73,0.2328767123287671
REJECT,quarter,2026-Q3,13,73,0.1780821917808219
REJECT,quarter,2025-Q3,6,73,0.0821917808219178
REJECT,hour_utc,5,7,73,0.0958904109589041
REJECT,hour_utc,22,6,73,0.0821917808219178
REJECT,hour_utc,18,5,73,0.0684931506849315
REJECT,hour_utc,13,5,73,0.0684931506849315
REJECT,hour_utc,14,4,73,0.0547945205479452
REJECT,hour_utc,20,4,73,0.0547945205479452
REJECT,hour_utc,17,4,73,0.0547945205479452
REJECT,hour_utc,0,4,73,0.0547945205479452
REJECT,hour_utc,3,4,73,0.0547945205479452
REJECT,hour_utc,4,4,73,0.0547945205479452
REJECT,hour_utc,6,3,73,0.0410958904109589
REJECT,hour_utc,8,3,73,0.0410958904109589
REJECT,hour_utc,9,3,73,0.0410958904109589
REJECT,hour_utc,1,3,73,0.0410958904109589
REJECT,hour_utc,23,2,73,0.0273972602739726
REJECT,hour_utc,10,2,73,0.0273972602739726
REJECT,hour_utc,7,2,73,0.0273972602739726
REJECT,hour_utc,19,2,73,0.0273972602739726
REJECT,hour_utc,15,2,73,0.0273972602739726
REJECT,hour_utc,11,1,73,0.0136986301369863
REJECT,hour_utc,2,1,73,0.0136986301369863
REJECT,hour_utc,12,1,73,0.0136986301369863
REJECT,hour_utc,16,1,73,0.0136986301369863
REJECT,weekday_utc,Wednesday,15,73,0.2054794520547945
REJECT,weekday_utc,Sunday,14,73,0.1917808219178082
REJECT,weekday_utc,Monday,12,73,0.1643835616438356
REJECT,weekday_utc,Saturday,9,73,0.1232876712328767
REJECT,weekday_utc,Friday,8,73,0.1095890410958904
REJECT,weekday_utc,Tuesday,8,73,0.1095890410958904
REJECT,weekday_utc,Thursday,7,73,0.0958904109589041
REJECT,d1_ema_direction,BEARISH,55,73,0.7534246575342466
REJECT,d1_ema_direction,BULLISH,18,73,0.2465753424657534
REJECT,d1_dmi_direction,BEARISH,41,73,0.5616438356164384
REJECT,d1_dmi_direction,BULLISH,32,73,0.4383561643835616
REJECT,d1_dmi_aligned,True,51,73,0.6986301369863014
REJECT,d1_dmi_aligned,False,22,73,0.3013698630136986
REJECT,h4_ema_direction,BULLISH,42,73,0.5753424657534246
REJECT,h4_ema_direction,BEARISH,31,73,0.4246575342465753
REJECT,h4_dmi_direction,BULLISH,45,73,0.6164383561643836
REJECT,h4_dmi_direction,BEARISH,28,73,0.3835616438356164
REJECT,h4_dmi_aligned,False,51,73,0.6986301369863014
REJECT,h4_dmi_aligned,True,22,73,0.3013698630136986
REJECT,h1_ema_direction,BULLISH,44,73,0.6027397260273972
REJECT,h1_ema_direction,BEARISH,29,73,0.3972602739726027
REJECT,h1_dmi_direction,BULLISH,43,73,0.589041095890411
REJECT,h1_dmi_direction,BEARISH,30,73,0.410958904109589
REJECT,h1_dmi_aligned,False,45,73,0.6164383561643836
REJECT,h1_dmi_aligned,True,28,73,0.3835616438356164
LONG_REJECT,month,2026-05,5,18,0.2777777777777778
LONG_REJECT,month,2025-09,3,18,0.16666666666666666
LONG_REJECT,month,2025-10,3,18,0.16666666666666666
LONG_REJECT,month,2026-01,3,18,0.16666666666666666
LONG_REJECT,month,2026-04,3,18,0.16666666666666666
LONG_REJECT,month,2026-08,1,18,0.05555555555555555
LONG_REJECT,quarter,2026-Q2,8,18,0.4444444444444444
LONG_REJECT,quarter,2025-Q3,3,18,0.16666666666666666
LONG_REJECT,quarter,2025-Q4,3,18,0.16666666666666666
LONG_REJECT,quarter,2026-Q1,3,18,0.16666666666666666
LONG_REJECT,quarter,2026-Q3,1,18,0.05555555555555555
LONG_REJECT,hour_utc,22,3,18,0.16666666666666666
LONG_REJECT,hour_utc,13,2,18,0.1111111111111111
LONG_REJECT,hour_utc,14,2,18,0.1111111111111111
LONG_REJECT,hour_utc,0,2,18,0.1111111111111111
LONG_REJECT,hour_utc,18,1,18,0.05555555555555555
LONG_REJECT,hour_utc,7,1,18,0.05555555555555555
LONG_REJECT,hour_utc,6,1,18,0.05555555555555555
LONG_REJECT,hour_utc,10,1,18,0.05555555555555555
LONG_REJECT,hour_utc,19,1,18,0.05555555555555555
LONG_REJECT,hour_utc,20,1,18,0.05555555555555555
LONG_REJECT,hour_utc,5,1,18,0.05555555555555555
LONG_REJECT,hour_utc,1,1,18,0.05555555555555555
LONG_REJECT,hour_utc,17,1,18,0.05555555555555555
LONG_REJECT,weekday_utc,Monday,5,18,0.2777777777777778
LONG_REJECT,weekday_utc,Sunday,3,18,0.16666666666666666
LONG_REJECT,weekday_utc,Wednesday,3,18,0.16666666666666666
LONG_REJECT,weekday_utc,Friday,3,18,0.16666666666666666
LONG_REJECT,weekday_utc,Thursday,2,18,0.1111111111111111
LONG_REJECT,weekday_utc,Tuesday,1,18,0.05555555555555555
LONG_REJECT,weekday_utc,Saturday,1,18,0.05555555555555555
LONG_REJECT,d1_ema_direction,BULLISH,17,18,0.9444444444444444
LONG_REJECT,d1_ema_direction,BEARISH,1,18,0.05555555555555555
LONG_REJECT,d1_dmi_direction,BULLISH,14,18,0.7777777777777778
LONG_REJECT,d1_dmi_direction,BEARISH,4,18,0.2222222222222222
LONG_REJECT,d1_dmi_aligned,True,14,18,0.7777777777777778
LONG_REJECT,d1_dmi_aligned,False,4,18,0.2222222222222222
LONG_REJECT,h4_ema_direction,BULLISH,9,18,0.5
LONG_REJECT,h4_ema_direction,BEARISH,9,18,0.5
LONG_REJECT,h4_dmi_direction,BEARISH,12,18,0.6666666666666666
LONG_REJECT,h4_dmi_direction,BULLISH,6,18,0.3333333333333333
LONG_REJECT,h4_dmi_aligned,False,12,18,0.6666666666666666
LONG_REJECT,h4_dmi_aligned,True,6,18,0.3333333333333333
LONG_REJECT,h1_ema_direction,BEARISH,13,18,0.7222222222222222
LONG_REJECT,h1_ema_direction,BULLISH,5,18,0.2777777777777778
LONG_REJECT,h1_dmi_direction,BEARISH,10,18,0.5555555555555556
LONG_REJECT,h1_dmi_direction,BULLISH,8,18,0.4444444444444444
LONG_REJECT,h1_dmi_aligned,False,10,18,0.5555555555555556
LONG_REJECT,h1_dmi_aligned,True,8,18,0.4444444444444444
SHORT_REJECT,month,2025-12,8,55,0.14545454545454545
SHORT_REJECT,month,2026-07,8,55,0.14545454545454545
SHORT_REJECT,month,2026-04,6,55,0.10909090909090909
SHORT_REJECT,month,2026-03,6,55,0.10909090909090909
SHORT_REJECT,month,2026-01,5,55,0.09090909090909091
SHORT_REJECT,month,2025-10,5,55,0.09090909090909091
SHORT_REJECT,month,2026-06,4,55,0.07272727272727272
SHORT_REJECT,month,2026-08,4,55,0.07272727272727272
SHORT_REJECT,month,2025-09,3,55,0.05454545454545454
SHORT_REJECT,month,2025-11,3,55,0.05454545454545454
SHORT_REJECT,month,2026-02,3,55,0.05454545454545454
SHORT_REJECT,quarter,2025-Q4,16,55,0.2909090909090909
SHORT_REJECT,quarter,2026-Q1,14,55,0.2545454545454545
SHORT_REJECT,quarter,2026-Q3,12,55,0.21818181818181817
SHORT_REJECT,quarter,2026-Q2,10,55,0.18181818181818182
SHORT_REJECT,quarter,2025-Q3,3,55,0.05454545454545454
SHORT_REJECT,hour_utc,5,6,55,0.10909090909090909
SHORT_REJECT,hour_utc,18,4,55,0.07272727272727272
SHORT_REJECT,hour_utc,4,4,55,0.07272727272727272
SHORT_REJECT,hour_utc,3,4,55,0.07272727272727272
SHORT_REJECT,hour_utc,8,3,55,0.05454545454545454
SHORT_REJECT,hour_utc,17,3,55,0.05454545454545454
SHORT_REJECT,hour_utc,20,3,55,0.05454545454545454
SHORT_REJECT,hour_utc,13,3,55,0.05454545454545454
SHORT_REJECT,hour_utc,22,3,55,0.05454545454545454
SHORT_REJECT,hour_utc,9,3,55,0.05454545454545454
SHORT_REJECT,hour_utc,23,2,55,0.03636363636363636
SHORT_REJECT,hour_utc,6,2,55,0.03636363636363636
SHORT_REJECT,hour_utc,0,2,55,0.03636363636363636
SHORT_REJECT,hour_utc,15,2,55,0.03636363636363636
SHORT_REJECT,hour_utc,14,2,55,0.03636363636363636
SHORT_REJECT,hour_utc,1,2,55,0.03636363636363636
SHORT_REJECT,hour_utc,11,1,55,0.01818181818181818
SHORT_REJECT,hour_utc,10,1,55,0.01818181818181818
SHORT_REJECT,hour_utc,19,1,55,0.01818181818181818
SHORT_REJECT,hour_utc,7,1,55,0.01818181818181818
SHORT_REJECT,hour_utc,2,1,55,0.01818181818181818
SHORT_REJECT,hour_utc,12,1,55,0.01818181818181818
SHORT_REJECT,hour_utc,16,1,55,0.01818181818181818
SHORT_REJECT,weekday_utc,Wednesday,12,55,0.21818181818181817
SHORT_REJECT,weekday_utc,Sunday,11,55,0.2
SHORT_REJECT,weekday_utc,Saturday,8,55,0.14545454545454545
SHORT_REJECT,weekday_utc,Tuesday,7,55,0.12727272727272726
SHORT_REJECT,weekday_utc,Monday,7,55,0.12727272727272726
SHORT_REJECT,weekday_utc,Thursday,5,55,0.09090909090909091
SHORT_REJECT,weekday_utc,Friday,5,55,0.09090909090909091
SHORT_REJECT,d1_ema_direction,BEARISH,54,55,0.9818181818181818
SHORT_REJECT,d1_ema_direction,BULLISH,1,55,0.01818181818181818
SHORT_REJECT,d1_dmi_direction,BEARISH,37,55,0.6727272727272727
SHORT_REJECT,d1_dmi_direction,BULLISH,18,55,0.32727272727272727
SHORT_REJECT,d1_dmi_aligned,True,37,55,0.6727272727272727
SHORT_REJECT,d1_dmi_aligned,False,18,55,0.32727272727272727
SHORT_REJECT,h4_ema_direction,BULLISH,33,55,0.6
SHORT_REJECT,h4_ema_direction,BEARISH,22,55,0.4
SHORT_REJECT,h4_dmi_direction,BULLISH,39,55,0.7090909090909091
SHORT_REJECT,h4_dmi_direction,BEARISH,16,55,0.2909090909090909
SHORT_REJECT,h4_dmi_aligned,False,39,55,0.7090909090909091
SHORT_REJECT,h4_dmi_aligned,True,16,55,0.2909090909090909
SHORT_REJECT,h1_ema_direction,BULLISH,39,55,0.7090909090909091
SHORT_REJECT,h1_ema_direction,BEARISH,16,55,0.2909090909090909
SHORT_REJECT,h1_dmi_direction,BULLISH,35,55,0.6363636363636364
SHORT_REJECT,h1_dmi_direction,BEARISH,20,55,0.36363636363636365
SHORT_REJECT,h1_dmi_aligned,False,35,55,0.6363636363636364
SHORT_REJECT,h1_dmi_aligned,True,20,55,0.36363636363636365
SHORT_APPROVE,month,2026-06,4,8,0.5
SHORT_APPROVE,month,2025-11,2,8,0.25
SHORT_APPROVE,month,2026-01,1,8,0.125
SHORT_APPROVE,month,2026-03,1,8,0.125
SHORT_APPROVE,quarter,2026-Q2,4,8,0.5
SHORT_APPROVE,quarter,2025-Q4,2,8,0.25
SHORT_APPROVE,quarter,2026-Q1,2,8,0.25
SHORT_APPROVE,hour_utc,16,2,8,0.25
SHORT_APPROVE,hour_utc,11,1,8,0.125
SHORT_APPROVE,hour_utc,3,1,8,0.125
SHORT_APPROVE,hour_utc,19,1,8,0.125
SHORT_APPROVE,hour_utc,22,1,8,0.125
SHORT_APPROVE,hour_utc,10,1,8,0.125
SHORT_APPROVE,hour_utc,14,1,8,0.125
SHORT_APPROVE,weekday_utc,Wednesday,4,8,0.5
SHORT_APPROVE,weekday_utc,Saturday,2,8,0.25
SHORT_APPROVE,weekday_utc,Sunday,1,8,0.125
SHORT_APPROVE,weekday_utc,Monday,1,8,0.125
SHORT_APPROVE,d1_ema_direction,BEARISH,8,8,1.0
SHORT_APPROVE,d1_dmi_direction,BEARISH,8,8,1.0
SHORT_APPROVE,d1_dmi_aligned,True,8,8,1.0
SHORT_APPROVE,h4_ema_direction,BEARISH,7,8,0.875
SHORT_APPROVE,h4_ema_direction,BULLISH,1,8,0.125
SHORT_APPROVE,h4_dmi_direction,BEARISH,8,8,1.0
SHORT_APPROVE,h4_dmi_aligned,True,8,8,1.0
SHORT_APPROVE,h1_ema_direction,BEARISH,8,8,1.0
SHORT_APPROVE,h1_dmi_direction,BEARISH,8,8,1.0
SHORT_APPROVE,h1_dmi_aligned,True,8,8,1.0
