scope,feature,winner_mean,loser_mean,standardized_difference,winner_higher_auc,first_half_difference,second_half_difference,direction_stable_halves
ALL,sqzmom_abs_pct_price,2.327624801004548,2.261270655928277,0.04085892252115181,0.5150060024009604,0.9095775913463746,-0.6743623742589775,False
ALL,sqzmom_delta_pct_price,-0.0028543019302526996,0.012524651829643876,-0.1548420470743316,0.48699479791916767,-0.02611692267240407,-0.005971017591582049,True
ALL,sqzmom_accel_pct_price,-0.011784635706843604,0.012626683863076787,-0.11848096923319626,0.48619447779111646,-0.08872585903569113,0.038205542374588786,False
ALL,sqzmom_slope3_pct_price,0.0030380159231690887,0.006211309898105393,-0.05058715908332559,0.4801920768307323,0.018246006845441566,-0.025073788778876373,False
ALL,sqzmom_slope6_pct_price,0.008975571808448999,-0.003407576573492217,0.05156922590283556,0.5018007202881153,0.050009156473718855,-0.02654337518878727,False
ALL,reversal_retracement,0.07426464272284596,0.08052154115174062,-0.03864923531381163,0.47058823529411764,-0.051465249853959,0.036335391723092254,False
ALL,prior_impulse_bars,13.803921568627452,15.346938775510203,-0.36817513855850564,0.40116046418567425,-0.175324675324676,-3.1494252873563227,True
ALL,prior_impulse_amplitude_pct_price,4.867028134700924,4.626551860381291,0.08143927050593848,0.5006002400960384,1.7474312913303018,-0.9197534599125903,False
ALL,return_3,-0.00018532069437335918,0.001613214592300653,-0.12176361296508159,0.4893957583033213,-0.003332262413255992,-0.0014342415967586526,True
ALL,return_6,0.0006776800899164215,-0.0004069001642824077,0.06904678889770212,0.5330132052821128,-0.0037532637862562265,0.0043904209520151125,False
ALL,return_12,-0.0045497813064846,-0.0016240517512311663,-0.14413746525914775,0.4965986394557823,-0.007960631427274434,0.0005701561454751867,False
ALL,return_24,-0.004265274323844923,-0.00500888260314947,0.022684807728147082,0.4957983193277311,-0.007151157857714186,0.007585294692243753,False
ALL,distance_sma20,-0.0009247559551757353,-0.0013091569031313628,0.02490366916312282,0.5130052020808323,-0.002458365284990466,0.002366206297889205,False
ALL,distance_sma50,-0.0030498993718658498,-0.005537125750817728,0.09694425707071916,0.5008163265306123,-0.010112307889106494,0.013120351318534902,False
ALL,sma20_slope5,-0.0004322903353688304,-0.001454720252575131,0.11377571827091226,0.5302120848339336,0.00010018199205772034,0.0019408705600657574,True
ALL,range_position20,0.51933218565135,0.4969543835253126,0.09710602347556606,0.529811924769908,0.02441230750664758,0.005065271447995068,True
ALL,range_position50,0.5132268093896902,0.5079682554894003,0.022949158190188765,0.5,-0.05868681655601421,0.0642407522437986,False
ALL,atr_pct,1.303754840617167,1.2522030360281968,0.12389075468007076,0.5558223289315727,0.16694037799441053,-0.011713726412400316,False
ALL,realized_vol12,2.666645175758978,2.9417293290877082,-0.230756096510001,0.44017607042817125,-0.20011348433925802,-0.2870062344023938,True
ALL,realized_vol24,4.1944224837494986,3.9564672925835622,0.16336967645843137,0.5378151260504201,0.7755783864882808,-0.10408539829094643,False
ALL,range_pct,1.2763608540684839,1.463328458692435,-0.21893334427995634,0.43137254901960786,-0.019887970966631308,-0.3255073345845443,True
ALL,atr_expansion,0.9395391620955251,1.0289561489136307,-0.6897413516424883,0.3045218087234894,-0.1109580001641316,-0.0764136385175116,True
ALL,bars_since_release,13.72549019607843,13.877551020408163,-0.012343418779820356,0.47118847539015607,-2.516233766233766,2.6354679802955676,False
ALL,squeeze_on_last6,2.5098039215686274,2.0,0.19545368438321167,0.5692276910764306,-0.11363636363636376,1.4137931034482758,False
LONG,sqzmom_abs_pct_price,2.3646988694161832,2.5113320897682643,-0.08361196252189498,0.4928,0.6786692024771299,-0.889380487920838,False
LONG,sqzmom_delta_pct_price,0.06407100462444233,0.08810903453457376,-0.3217531470238957,0.4544,-0.011739306665387986,-0.03286323525782014,True
LONG,sqzmom_accel_pct_price,0.16871115984239882,0.17703255547071137,-0.08734820793215588,0.4704,-0.007922510018063378,-0.0013155901127720193,True
LONG,sqzmom_slope3_pct_price,-0.020284575296757354,-0.00040724320078223394,-0.3056554186991354,0.4352,-0.007778051656356443,-0.03220544020143389,True
LONG,sqzmom_slope6_pct_price,-0.2080991769713923,-0.18727433378904298,-0.17116877992202803,0.4432,-0.053108574453117036,-0.016585215240767087,True
LONG,reversal_retracement,0.04514686106279271,0.08488992208702002,-0.3006903062793743,0.5232,-0.02670227545523282,-0.05168571858167534,True
LONG,prior_impulse_bars,13.52,14.88,-0.34852704820070396,0.4248,-0.6666666666666661,-2.166666666666666,True
LONG,prior_impulse_amplitude_pct_price,4.849655967369233,4.469551761529503,0.13489846142706852,0.5008,1.67930330828258,-0.39392947397139233,False
LONG,return_3,0.008786670074047508,0.01263626719593053,-0.320342269994163,0.4592,-0.004391165988233487,-0.004529854404491182,True
LONG,return_6,0.004615610409353001,0.0015660816702009629,0.16378150842625092,0.5552,-0.0044673549490192276,0.006102882204127132,False
LONG,return_12,-0.01768879104758343,-0.012216280627214759,-0.28112000782871055,0.4736,-0.01859140993827569,0.003793467488736931,False
LONG,return_24,-0.014518325376413878,-0.018374006106716564,0.10757936705672372,0.504,-0.012727361645047076,0.019542385625133152,False
LONG,distance_sma20,-0.007416214213497554,-0.0074002278071444395,-0.0009224343874386667,0.5088,-0.007956888197036455,0.005983933243321327,False
LONG,distance_sma50,-0.0044406227565051415,-0.011402090557182326,0.2410305483082259,0.5344,-0.008703344613259922,0.021759227015971487,False
LONG,sma20_slope5,-0.005799771769941988,-0.007993227532065758,0.2737909295160773,0.568,-0.0019857338203790875,0.006093567156916947,False
LONG,range_position20,0.39184580959477033,0.4295581202036927,-0.17399617916643462,0.4736,-0.1035024978093792,-0.008242652727927624,True
LONG,range_position50,0.49775254870124264,0.4764295907505609,0.09717795191872514,0.5344,-0.05988476725625402,0.10864889638146397,False
LONG,atr_pct,1.3430798811968896,1.2677606198407851,0.17666587258626895,0.568,0.17862345753970055,0.046299725425803295,True
LONG,realized_vol12,3.032593707028815,3.092034223938,-0.046481505056243204,0.4992,0.4457924034973031,-0.47295154779528836,False
LONG,realized_vol24,4.222686397525094,4.072710788706588,0.11481340131745876,0.5408,0.5474829142526785,-0.0391471407842241,False
LONG,range_pct,1.310066055593838,1.5878289676471247,-0.29056280739918966,0.4176,0.02232157773982557,-0.57229841966753,False
LONG,atr_expansion,0.9481484978532763,1.0532519347031526,-0.7594304914150083,0.2816,-0.07525785699356258,-0.14268285071359676,True
LONG,bars_since_release,13.04,14.32,-0.0994821991273795,0.45840000000000003,-4.0,2.5999999999999996,False
LONG,squeeze_on_last6,2.52,1.72,0.307313702519145,0.604,-0.2666666666666666,2.3000000000000003,False
SHORT,sqzmom_abs_pct_price,2.2919766583010532,2.0007899956782906,0.19540811844668016,0.5240384615384616,1.1644366479642208,-0.502793380505411,False
SHORT,sqzmom_delta_pct_price,-0.06720555823284408,-0.06620908015465811,-0.01615506077194995,0.5336538461538461,-0.014817043410577421,0.009913684605758442,False
SHORT,sqzmom_accel_pct_price,-0.1853382852734229,-0.15862943239487592,-0.21490231354218303,0.5144230769230769,-0.10828191942670976,0.05077781270213977,False
SHORT,sqzmom_slope3_pct_price,0.025463584403867593,0.013105636042780006,0.21943296244415486,0.5256410256410257,0.039323916302777644,-0.01547522174531147,False
SHORT,sqzmom_slope6_pct_price,0.21770129178906567,0.1881202955260398,0.21543077785659162,0.5240384615384616,0.07615201930686882,-0.008504168245425936,False
SHORT,reversal_retracement,0.10226250970366636,0.0759711443441579,0.14181822566889937,0.4182692307692308,-0.07657726078297278,0.12586066631904633,False
SHORT,prior_impulse_bars,14.076923076923077,15.833333333333334,-0.38833159955816293,0.38621794871794873,0.26923076923077005,-4.012987012987013,False
SHORT,prior_impulse_amplitude_pct_price,4.883732141750626,4.790093630018569,0.029847878203025684,0.4807692307692308,1.7988000856774846,-1.4243261475114135,False
SHORT,return_3,-0.008812234894778039,-0.009869131869813802,0.11250549737756141,0.5721153846153846,0.001128406449883974,8.975914370729261e-05,True
SHORT,return_6,-0.0031087913710802903,-0.0024620895752025854,-0.05556134214798316,0.5080128205128205,-0.0030757229579547484,0.0018004217320466177,False
SHORT,return_12,0.008083881906110427,0.009409519994585077,-0.10194677248065086,0.49198717948717946,-0.0021160549910498516,-0.0008900017612741146,True
SHORT,return_24,0.005593428611317534,0.008913121046399589,-0.13540825094956768,0.47596153846153844,-0.0054821914284303155,-0.0020239882249792687,True
SHORT,distance_sma20,0.005317030831672167,0.005035708621882258,0.027843403268817984,0.5224358974358975,0.0005404747576292692,-0.0002490004483941899,False
SHORT,distance_sma50,-0.0016591759872265576,0.000572212589145397,-0.10355341539173596,0.4683333333333333,-0.012156103729638013,0.005552680897412492,False
SHORT,sma20_slope5,0.004728749505566898,0.005356224830227606,-0.125421657308107,0.48878205128205127,4.9200063601075907e-05,-0.0012038929450114127,False
SHORT,range_position20,0.6419152395519074,0.5671588244853332,0.37360919766709266,0.6153846153846154,0.1126661300945534,0.03199872341733545,True
SHORT,range_position50,0.5287010700781377,0.5408210312590245,-0.05040247550014665,0.4766666666666667,-0.06066284507242825,0.026973966301080288,False
SHORT,atr_pct,1.2659423015982028,1.2359972195567506,0.07274221830637605,0.532051282051282,0.16398223628689546,-0.07389300441067181,False
SHORT,realized_vol12,2.3147715879995197,2.78516173028532,-0.44677097536821325,0.38461538461538464,-0.7447590536536253,-0.1515184627944337,True
SHORT,realized_vol24,4.167245643580656,3.8353803174554115,0.20614503927845368,0.5384615384615384,0.9953983469335155,-0.19514559872254722,False
SHORT,range_pct,1.2439520064479515,1.3336404285313002,-0.12029118766914029,0.4519230769230769,-0.044921727787442745,-0.10446672664447787,True
SHORT,atr_expansion,0.931260954636149,1.0036480387162119,-0.6041955373472156,0.32532051282051283,-0.13786027825119906,-0.013264745496546437,True
SHORT,bars_since_release,14.384615384615385,13.416666666666666,0.08102592401002358,0.4895833333333333,-0.897435897435896,2.8311688311688314,False
SHORT,squeeze_on_last6,2.5,2.2916666666666665,0.07856003254698615,0.5328525641025641,-0.012820512820512775,0.577922077922078,False
