trade_id,entry_signal_time,entry_time,signal,atr_expansion,pnl_bruto,pnl_neto,result,duration_hours,entry_allowed,experiment_id
1,2025-09-04 00:00:00+00:00,2025-09-04 04:00:00+00:00,SHORT,0.967519988126707,0.3566828762518353,0.0870925084312552,WIN,76.0,True,atr14_not_above_20bar_mean
2,2025-09-07 04:00:00+00:00,2025-09-07 08:00:00+00:00,LONG,0.8195656041265319,0.4801699563186168,0.2295881053392566,WIN,60.0,True,atr14_not_above_20bar_mean
3,2025-09-09 16:00:00+00:00,2025-09-09 20:00:00+00:00,SHORT,1.0396343616750878,-4.096459623309098,-4.472288400462221,LOSS,156.0,False,atr14_not_above_20bar_mean
4,2025-09-16 04:00:00+00:00,2025-09-16 08:00:00+00:00,LONG,1.0160582864358714,-0.1829888583187773,-0.4026428835023036,LOSS,36.0,False,atr14_not_above_20bar_mean
5,2025-09-17 16:00:00+00:00,2025-09-17 20:00:00+00:00,SHORT,1.1706348760441958,0.1007894452254785,-0.1891594038178317,LOSS,92.0,False,atr14_not_above_20bar_mean
6,2025-09-21 12:00:00+00:00,2025-09-21 16:00:00+00:00,LONG,0.7399966148728763,-2.091953823903842,-2.5389370153454096,LOSS,216.0,True,atr14_not_above_20bar_mean
7,2025-09-30 12:00:00+00:00,2025-09-30 16:00:00+00:00,SHORT,1.0472330365760385,-8.035617935985377,-8.466965081792235,LOSS,192.0,False,atr14_not_above_20bar_mean
8,2025-10-08 12:00:00+00:00,2025-10-08 16:00:00+00:00,LONG,1.0829078165116477,-8.576135110418289,-8.914046280905474,LOSS,136.0,False,atr14_not_above_20bar_mean
9,2025-10-14 04:00:00+00:00,2025-10-14 08:00:00+00:00,SHORT,0.8688346134467172,5.451026819456728,5.188573120359791,WIN,72.0,True,atr14_not_above_20bar_mean
10,2025-10-17 04:00:00+00:00,2025-10-17 08:00:00+00:00,LONG,1.0282759499863603,3.2457427331184565,2.951291568023197,WIN,92.0,False,atr14_not_above_20bar_mean
11,2025-10-21 00:00:00+00:00,2025-10-21 04:00:00+00:00,SHORT,0.9164399433221092,-0.774183960200022,-1.0253585598809196,LOSS,60.0,True,atr14_not_above_20bar_mean
12,2025-10-23 12:00:00+00:00,2025-10-23 16:00:00+00:00,LONG,0.9998111973968976,1.2390645340421904,0.9874209133178076,WIN,60.0,True,atr14_not_above_20bar_mean
13,2025-10-26 00:00:00+00:00,2025-10-26 04:00:00+00:00,SHORT,0.7466598657824902,1.8197987413013768,1.492258053154875,WIN,120.0,True,atr14_not_above_20bar_mean
14,2025-10-31 00:00:00+00:00,2025-10-31 04:00:00+00:00,LONG,1.2696928790949409,-1.1909003235753963,-1.459144179374556,LOSS,72.0,False,atr14_not_above_20bar_mean
15,2025-11-03 00:00:00+00:00,2025-11-03 04:00:00+00:00,SHORT,0.8914088231037797,3.9094970617132927,3.664883832884696,WIN,60.0,True,atr14_not_above_20bar_mean
16,2025-11-05 12:00:00+00:00,2025-11-05 16:00:00+00:00,LONG,1.2113708700557315,-1.79669368234424,-2.054089972382665,LOSS,68.0,False,atr14_not_above_20bar_mean
17,2025-11-08 08:00:00+00:00,2025-11-08 12:00:00+00:00,SHORT,0.928980698381595,-1.075088207328477,-1.406684343904662,LOSS,120.0,True,atr14_not_above_20bar_mean
18,2025-11-13 08:00:00+00:00,2025-11-13 12:00:00+00:00,LONG,1.0777628529748264,-15.099985325573062,-15.608768974289973,LOSS,284.0,False,atr14_not_above_20bar_mean
19,2025-11-25 04:00:00+00:00,2025-11-25 08:00:00+00:00,SHORT,0.851275215772051,0.4879684806472398,0.1085620308889712,WIN,164.0,True,atr14_not_above_20bar_mean
20,2025-12-02 00:00:00+00:00,2025-12-02 04:00:00+00:00,LONG,1.1646508921464769,6.898761041180916,6.63919893652782,WIN,60.0,False,atr14_not_above_20bar_mean
21,2025-12-04 12:00:00+00:00,2025-12-04 16:00:00+00:00,SHORT,1.0065469398935314,4.1148822705292085,3.8605567659321247,WIN,68.0,False,atr14_not_above_20bar_mean
22,2025-12-07 08:00:00+00:00,2025-12-07 12:00:00+00:00,LONG,0.7776439387760044,3.3398309716269696,3.0652481676349037,WIN,72.0,True,atr14_not_above_20bar_mean
23,2025-12-10 08:00:00+00:00,2025-12-10 12:00:00+00:00,SHORT,1.0346210191406962,-0.4259089931737406,-0.646595694296525,LOSS,36.0,False,atr14_not_above_20bar_mean
24,2025-12-11 20:00:00+00:00,2025-12-12 00:00:00+00:00,LONG,1.1249514311484974,-4.691730754258332,-5.14507659662732,LOSS,224.0,False,atr14_not_above_20bar_mean
25,2025-12-21 04:00:00+00:00,2025-12-21 08:00:00+00:00,SHORT,0.7455313997297551,0.5802211965672425,0.2909439836802416,WIN,88.0,True,atr14_not_above_20bar_mean
26,2025-12-24 20:00:00+00:00,2025-12-25 00:00:00+00:00,LONG,0.9345534630604594,-0.1982256691400145,-0.4278583764946643,LOSS,44.0,True,atr14_not_above_20bar_mean
27,2025-12-26 16:00:00+00:00,2025-12-26 20:00:00+00:00,SHORT,1.061258829663415,-3.016224585123332,-3.270540060525101,LOSS,56.0,False,atr14_not_above_20bar_mean
28,2025-12-29 00:00:00+00:00,2025-12-29 04:00:00+00:00,LONG,0.8782629903939378,-2.7251183518977995,-2.911215682563463,LOSS,12.0,True,atr14_not_above_20bar_mean
29,2025-12-29 12:00:00+00:00,2025-12-29 16:00:00+00:00,SHORT,1.083842927161889,-1.5180906563939285,-1.7303073953004549,LOSS,24.0,False,atr14_not_above_20bar_mean
30,2025-12-30 12:00:00+00:00,2025-12-30 16:00:00+00:00,LONG,1.0824493154560124,2.6144584271885694,2.280890492249666,WIN,120.0,False,atr14_not_above_20bar_mean
31,2026-01-04 12:00:00+00:00,2026-01-04 16:00:00+00:00,SHORT,0.9482148063211908,0.1124951803428058,-0.1974372701309005,LOSS,108.0,True,atr14_not_above_20bar_mean
32,2026-01-09 00:00:00+00:00,2026-01-09 04:00:00+00:00,LONG,1.0583275455118724,-0.2475049374877444,-0.5070686981958814,LOSS,68.0,False,atr14_not_above_20bar_mean
33,2026-01-11 20:00:00+00:00,2026-01-12 00:00:00+00:00,SHORT,0.74348315266727,-4.425357612428599,-4.801647142922759,LOSS,152.0,True,atr14_not_above_20bar_mean
34,2026-01-18 04:00:00+00:00,2026-01-18 08:00:00+00:00,LONG,0.724948133933608,-6.058538855183551,-6.419972395723778,LOSS,152.0,True,atr14_not_above_20bar_mean
35,2026-01-24 12:00:00+00:00,2026-01-24 16:00:00+00:00,SHORT,0.8179620616336933,1.0470118753985138,0.7983885897836567,WIN,56.0,True,atr14_not_above_20bar_mean
36,2026-01-26 20:00:00+00:00,2026-01-27 00:00:00+00:00,LONG,1.087535344787644,-0.3368040534266004,-0.5762428757014567,LOSS,52.0,False,atr14_not_above_20bar_mean
37,2026-01-29 00:00:00+00:00,2026-01-29 04:00:00+00:00,SHORT,1.1245851598577965,11.002327188102244,10.747650308191089,WIN,76.0,False,atr14_not_above_20bar_mean
38,2026-02-01 04:00:00+00:00,2026-02-01 08:00:00+00:00,LONG,1.2192671792450724,-10.121576899112371,-10.527325841297898,LOSS,192.0,False,atr14_not_above_20bar_mean
39,2026-02-09 04:00:00+00:00,2026-02-09 08:00:00+00:00,SHORT,0.808868694810333,4.7429095015875005,4.489463800621149,WIN,64.0,True,atr14_not_above_20bar_mean
40,2026-02-11 20:00:00+00:00,2026-02-12 00:00:00+00:00,LONG,0.9519549490212016,3.0024696218615263,2.708358820285642,WIN,88.0,True,atr14_not_above_20bar_mean
41,2026-02-15 12:00:00+00:00,2026-02-15 16:00:00+00:00,SHORT,0.8527414956018939,1.432788798301974,1.1747059477520765,WIN,64.0,True,atr14_not_above_20bar_mean
42,2026-02-18 04:00:00+00:00,2026-02-18 08:00:00+00:00,LONG,0.9449692333904984,-0.1549681617544452,-0.454661390707146,LOSS,96.0,True,atr14_not_above_20bar_mean
43,2026-02-22 04:00:00+00:00,2026-02-22 08:00:00+00:00,SHORT,0.8184897105265845,5.7987730422373565,5.546806500980475,WIN,64.0,True,atr14_not_above_20bar_mean
44,2026-02-24 20:00:00+00:00,2026-02-25 00:00:00+00:00,LONG,1.118916719038609,3.221232083009271,2.966815210775611,WIN,60.0,False,atr14_not_above_20bar_mean
45,2026-02-27 08:00:00+00:00,2026-02-27 12:00:00+00:00,SHORT,1.061298586297235,-2.0891457620964125,-2.3221624923576143,LOSS,40.0,False,atr14_not_above_20bar_mean
46,2026-03-01 00:00:00+00:00,2026-03-01 04:00:00+00:00,LONG,1.1098918878586104,-0.7036701109154868,-0.95259565072432,LOSS,56.0,False,atr14_not_above_20bar_mean
47,2026-03-03 08:00:00+00:00,2026-03-03 12:00:00+00:00,SHORT,1.0727414308450538,-0.7314925373134415,-1.062607330560808,LOSS,120.0,False,atr14_not_above_20bar_mean
48,2026-03-08 08:00:00+00:00,2026-03-08 12:00:00+00:00,LONG,0.7877864837359242,3.1591300057341614,2.8948000205447446,WIN,68.0,True,atr14_not_above_20bar_mean
49,2026-03-11 04:00:00+00:00,2026-03-11 08:00:00+00:00,SHORT,1.0592592481455871,-2.4311211079224813,-2.7246169115996155,LOSS,92.0,False,atr14_not_above_20bar_mean
50,2026-03-15 00:00:00+00:00,2026-03-15 04:00:00+00:00,LONG,0.8366973998977524,3.594905966222996,3.3399662866912534,WIN,60.0,True,atr14_not_above_20bar_mean
51,2026-03-17 12:00:00+00:00,2026-03-17 16:00:00+00:00,SHORT,1.1082675359345302,4.150733975378492,3.896458695450856,WIN,64.0,False,atr14_not_above_20bar_mean
52,2026-03-20 04:00:00+00:00,2026-03-20 08:00:00+00:00,LONG,0.994527503847754,0.685618256792634,0.3347489630036762,WIN,136.0,True,atr14_not_above_20bar_mean
53,2026-03-25 20:00:00+00:00,2026-03-26 00:00:00+00:00,SHORT,1.002013212333258,6.052245871173612,5.800634420116925,WIN,64.0,False,atr14_not_above_20bar_mean
54,2026-03-28 12:00:00+00:00,2026-03-28 16:00:00+00:00,LONG,0.8900299318538324,-0.4926667303649914,-0.7518874850984381,LOSS,68.0,True,atr14_not_above_20bar_mean
55,2026-03-31 08:00:00+00:00,2026-03-31 12:00:00+00:00,SHORT,1.1004805612119233,-0.4946558563532771,-0.7854388649876494,LOSS,92.0,False,atr14_not_above_20bar_mean
56,2026-04-04 04:00:00+00:00,2026-04-04 08:00:00+00:00,LONG,0.7727658126216503,2.63398728914141,2.370392031362961,WIN,68.0,True,atr14_not_above_20bar_mean
57,2026-04-07 00:00:00+00:00,2026-04-07 04:00:00+00:00,SHORT,1.165657143537709,-6.583181082936725,-6.972493509302239,LOSS,160.0,False,atr14_not_above_20bar_mean
58,2026-04-13 16:00:00+00:00,2026-04-13 20:00:00+00:00,LONG,1.0240105958459524,2.156073048268015,1.903146440518936,WIN,56.0,False,atr14_not_above_20bar_mean
59,2026-04-16 00:00:00+00:00,2026-04-16 04:00:00+00:00,SHORT,1.0495241155936692,-1.87116158708063,-2.193872943212914,LOSS,112.0,False,atr14_not_above_20bar_mean
60,2026-04-20 16:00:00+00:00,2026-04-20 20:00:00+00:00,LONG,1.0194585237515632,2.303662175010663,2.0505290752479657,WIN,60.0,False,atr14_not_above_20bar_mean
61,2026-04-23 04:00:00+00:00,2026-04-23 08:00:00+00:00,SHORT,1.0002096330062151,0.8457987593755125,0.5868935942158118,WIN,68.0,False,atr14_not_above_20bar_mean
62,2026-04-26 00:00:00+00:00,2026-04-26 04:00:00+00:00,LONG,0.7508852155272511,0.5882406175621498,0.3675075648720375,WIN,32.0,True,atr14_not_above_20bar_mean
63,2026-04-27 08:00:00+00:00,2026-04-27 12:00:00+00:00,SHORT,0.94652407118557,1.0288634432801271,0.8002147335185305,WIN,44.0,True,atr14_not_above_20bar_mean
64,2026-04-29 04:00:00+00:00,2026-04-29 08:00:00+00:00,LONG,0.985749716399884,1.504471207914415,1.212456256593235,WIN,92.0,True,atr14_not_above_20bar_mean
65,2026-05-03 00:00:00+00:00,2026-05-03 04:00:00+00:00,SHORT,0.8559034947730075,-2.787021364519716,-3.151015749026568,LOSS,144.0,True,atr14_not_above_20bar_mean
66,2026-05-09 00:00:00+00:00,2026-05-09 04:00:00+00:00,LONG,0.8930574476539389,0.458173752531414,0.2176226764506649,WIN,52.0,True,atr14_not_above_20bar_mean
67,2026-05-11 04:00:00+00:00,2026-05-11 08:00:00+00:00,SHORT,1.0143935513495224,-0.6651071506452864,-0.946128944574577,LOSS,80.0,False,atr14_not_above_20bar_mean
68,2026-05-14 12:00:00+00:00,2026-05-14 16:00:00+00:00,LONG,1.1526987284665935,-2.6186033459042704,-2.8248497017627363,LOSS,24.0,False,atr14_not_above_20bar_mean
69,2026-05-15 12:00:00+00:00,2026-05-15 16:00:00+00:00,SHORT,1.133597277945118,2.354707709108282,2.0979163751756262,WIN,68.0,False,atr14_not_above_20bar_mean
70,2026-05-18 08:00:00+00:00,2026-05-18 12:00:00+00:00,LONG,0.9474095493407528,-0.0398679181050867,-0.309722183860434,LOSS,76.0,True,atr14_not_above_20bar_mean
71,2026-05-21 12:00:00+00:00,2026-05-21 16:00:00+00:00,SHORT,0.9673071804398736,0.6591189560798867,0.4099522710997105,WIN,56.0,True,atr14_not_above_20bar_mean
72,2026-05-23 20:00:00+00:00,2026-05-24 00:00:00+00:00,LONG,1.116991556584776,-0.0394966844944918,-0.2893514696429488,LOSS,56.0,False,atr14_not_above_20bar_mean
73,2026-05-26 04:00:00+00:00,2026-05-26 08:00:00+00:00,SHORT,0.9213516200684576,4.454456543000579,4.200606748154663,WIN,68.0,True,atr14_not_above_20bar_mean
74,2026-05-29 00:00:00+00:00,2026-05-29 04:00:00+00:00,LONG,1.0470164889368392,0.6309617560472127,0.3601689321930285,WIN,72.0,False,atr14_not_above_20bar_mean
75,2026-06-01 00:00:00+00:00,2026-06-01 04:00:00+00:00,SHORT,0.8468594056844068,13.381815617226842,13.120472163727344,WIN,84.0,True,atr14_not_above_20bar_mean
76,2026-06-04 12:00:00+00:00,2026-06-04 16:00:00+00:00,LONG,1.344196809190462,-1.6029174130350432,-1.9105848155390144,LOSS,108.0,False,atr14_not_above_20bar_mean
77,2026-06-09 00:00:00+00:00,2026-06-09 04:00:00+00:00,SHORT,0.8833987403319077,0.2353555236938905,-0.0044048116695028,LOSS,52.0,True,atr14_not_above_20bar_mean
78,2026-06-11 04:00:00+00:00,2026-06-11 08:00:00+00:00,LONG,0.9166199926467232,2.505853904410686,2.252437918108455,WIN,60.0,True,atr14_not_above_20bar_mean
79,2026-06-13 16:00:00+00:00,2026-06-13 20:00:00+00:00,SHORT,0.7702356159829817,1.6667133489563373,1.3189582034147906,WIN,140.0,True,atr14_not_above_20bar_mean
80,2026-06-19 12:00:00+00:00,2026-06-19 16:00:00+00:00,LONG,1.0198264714804892,1.174178826485803,0.9226259873840572,WIN,60.0,False,atr14_not_above_20bar_mean
81,2026-06-22 00:00:00+00:00,2026-06-22 04:00:00+00:00,SHORT,0.9358328005888882,3.2037175197974133,2.9381155640907943,WIN,76.0,True,atr14_not_above_20bar_mean
82,2026-06-25 04:00:00+00:00,2026-06-25 08:00:00+00:00,LONG,1.1972023283217323,-3.77560319809718,-4.060230794942054,LOSS,88.0,False,atr14_not_above_20bar_mean
83,2026-06-28 20:00:00+00:00,2026-06-29 00:00:00+00:00,SHORT,0.8163816383194661,-0.954488817837726,-1.2159160066748682,LOSS,64.0,True,atr14_not_above_20bar_mean
84,2026-07-01 12:00:00+00:00,2026-07-01 16:00:00+00:00,LONG,1.0762071572461978,4.042841982348225,3.777275595334861,WIN,64.0,False,atr14_not_above_20bar_mean
85,2026-07-04 04:00:00+00:00,2026-07-04 08:00:00+00:00,SHORT,0.8626769731535093,-0.3306202647200406,-0.6611734758202344,LOSS,124.0,True,atr14_not_above_20bar_mean
86,2026-07-09 08:00:00+00:00,2026-07-09 12:00:00+00:00,LONG,1.0246193594300632,1.6368182115147691,1.3846180934413477,WIN,60.0,False,atr14_not_above_20bar_mean
87,2026-07-11 20:00:00+00:00,2026-07-12 00:00:00+00:00,SHORT,0.8291025027795195,-1.4804862102970897,-1.7426502691181385,LOSS,64.0,True,atr14_not_above_20bar_mean
88,2026-07-14 12:00:00+00:00,2026-07-14 16:00:00+00:00,LONG,1.1244324863419288,-0.7737063438358452,-1.0025338959196892,LOSS,44.0,False,atr14_not_above_20bar_mean
89,2026-07-16 08:00:00+00:00,2026-07-16 12:00:00+00:00,SHORT,1.0046922043869382,0.3011213422476068,0.061453138249034,WIN,48.0,False,atr14_not_above_20bar_mean
90,2026-07-18 08:00:00+00:00,2026-07-18 12:00:00+00:00,LONG,0.8738090840766253,1.860753484130108,1.6082400581160434,WIN,60.0,True,atr14_not_above_20bar_mean
91,2026-07-20 20:00:00+00:00,2026-07-21 00:00:00+00:00,SHORT,1.1134002086195778,1.647535366203292,1.329753354217064,WIN,112.0,False,atr14_not_above_20bar_mean
92,2026-07-25 12:00:00+00:00,2026-07-25 16:00:00+00:00,LONG,0.8582061553942036,-0.669367623744938,-0.9183411561789948,LOSS,56.0,True,atr14_not_above_20bar_mean
93,2026-07-27 20:00:00+00:00,2026-07-28 00:00:00+00:00,SHORT,1.1833377719153444,-1.1914495603469586,-1.413208707594966,LOSS,36.0,False,atr14_not_above_20bar_mean
94,2026-07-29 08:00:00+00:00,2026-07-29 12:00:00+00:00,LONG,1.1693059020131582,-1.0863850595301792,-1.3247751426822654,LOSS,48.0,False,atr14_not_above_20bar_mean
95,2026-07-31 08:00:00+00:00,2026-07-31 12:00:00+00:00,SHORT,1.0152235892379782,0.4882454209352886,0.2588393591427914,WIN,44.0,False,atr14_not_above_20bar_mean
96,2026-08-02 04:00:00+00:00,2026-08-02 08:00:00+00:00,LONG,0.8449272850341529,1.767977563496563,1.4655939403147868,WIN,100.0,True,atr14_not_above_20bar_mean
97,2026-08-06 08:00:00+00:00,2026-08-06 12:00:00+00:00,SHORT,0.9468464968407492,0.592660485120778,0.2334006984387175,WIN,144.0,True,atr14_not_above_20bar_mean
98,2026-08-12 08:00:00+00:00,2026-08-12 12:00:00+00:00,LONG,1.050328390795282,0.1386135221384484,-0.2414904570802174,LOSS,160.0,False,atr14_not_above_20bar_mean
99,2026-08-19 00:00:00+00:00,2026-08-19 04:00:00+00:00,SHORT,1.159053519982145,-23.55314380454241,-24.016229459324894,LOSS,200.0,False,atr14_not_above_20bar_mean
100,2026-08-27 08:00:00+00:00,2026-08-27 12:00:00+00:00,LONG,0.8924793422510497,0.2588113559776375,0.0585392079155889,WIN,20.0,True,atr14_not_above_20bar_mean
